HDPROV,AGOPCAR,CENSUSD,CCS,AREANAME,NFRMREP,NSOLE,NPRTWTHO,NPRTWTH,NFAMCORP,NNFAMCORP,NOTHRORG
Province,Census Agricultural Region,Census Division ,Census Consolidated Subdivision,Geographic identification,Total number of farms,Farm operating arrangements - Sole proprietorship,Farm operating arrangements - Partnership without a written agreement,Farm operating arrangements - Partnership with a written agreement,Farm operating arrangements - Family corporation,Farm operating arrangements - Non-family corporation,Farm operating arrangements - Other operating arrangements
0,0,0,0,Canada excluding Territories / Canada excluant les territoires,"229,373","130,864","48,430","12,745","32,278","4,339",717
10,0,0,0,Newfoundland and Labrador / Terre-Neuve-et-Labrador,558,318,50,10,123,27,30
10,1,0,0,Agricultural Region 1 - rÇgion agricole 1,266,149,23,6,60,11,17
10,2,0,0,Agricultural Region 2 - rÇgion agricole 2,154,92,12,3,30,11,6
10,3,0,0,Agricultural Region 3 - rÇgion agricole 3,138,77,15,1,33,5,7
10,1,1,0,Division No.  1,266,149,23,6,60,11,17
10,1,1,214,"Division No.  1, Subd. C",34,17,2,1,6,3,5
10,1,1,259,"Division No.  1, Subd. A",27,14,2,1,8,0,2
10,1,1,304,"Division No.  1, Subd. E",21,13,2,0,4,2,0
10,1,1,357,"Division No.  1, Subd. H",22,9,1,0,9,1,2
10,1,1,472,Holyrood,37,18,4,0,9,2,4
10,1,1,519,St. John's,125,78,12,4,24,3,4
10,3,4,0,Division No.  4,55,38,6,0,5,2,4
10,3,4,1,"Division No.  4, Subd. A",18,13,2,0,0,1,2
10,3,4,6,"Division No.  4, Subd. B",21,14,2,0,3,1,1
10,3,4,16,"Division No.  4, Subd. D",16,11,2,0,2,0,1
10,3,5,0,Division No.  5,83,39,9,1,28,3,3
10,3,5,7,"Division No.  5, Subd. E",54,28,4,1,16,3,2
10,3,5,10,"Division No.  5, Subd. F",29,11,5,0,12,0,1
10,2,6,0,Division No.  6,42,23,6,1,7,4,1
10,2,6,14,"Division No.  6, Subd. C",42,23,6,1,7,4,1
10,2,7,0,Division No.  7,59,33,4,2,14,5,1
10,2,7,9,"Division No.  7, Subd. K",17,12,1,0,4,0,0
10,2,7,31,"Division No.  7, Subd. E",24,9,2,2,7,3,1
10,2,7,38,"Division No.  7, Subd. D",18,12,1,0,3,2,0
10,2,8,0,Division No.  8,53,36,2,0,9,2,4
10,2,8,36,"Division No.  8, Subd. G",32,21,1,0,6,1,3
10,2,8,58,"Division No.  8, Subd. C",21,15,1,0,3,1,1
11,0,0,0,Prince Edward Island / ?le-du-Prince-êdouard,"1,700","1,018",272,106,273,21,10
11,1,0,0,Agricultural Region 1 - rÇgion agricole 1,286,169,54,21,40,1,1
11,2,0,0,Agricultural Region 2 - rÇgion agricole 2,835,525,133,64,100,9,4
11,3,0,0,Agricultural Region 3 - rÇgion agricole 3,579,324,85,21,133,11,5
11,1,1,0,Kings,286,169,54,21,40,1,1
11,1,1,1,Lot 64,34,22,4,4,4,0,0
11,1,1,9,Lot 59,25,17,7,0,1,0,0
11,1,1,14,Lot 51,17,13,1,2,1,0,0
11,1,1,16,Lot 52,24,16,5,2,1,0,0
11,1,1,26,Lot 54,21,14,2,1,2,1,1
11,1,1,28,Lot 55,19,10,4,1,4,0,0
11,1,1,32,Lot 44,23,12,5,0,6,0,0
11,1,1,34,Lot 45,30,14,6,4,6,0,0
11,1,1,42,Lot 41,24,17,2,3,2,0,0
11,1,1,46,Lot 40,31,16,5,3,7,0,0
11,1,1,49,Lot 39,19,10,4,0,5,0,0
11,1,1,51,Lot 38,19,8,9,1,1,0,0
11,2,2,0,Queens,835,525,133,64,100,9,4
11,2,2,6,Lot 58,45,16,14,4,9,2,0
11,2,2,8,Lot 57,38,22,9,0,5,0,2
11,2,2,9,Lot 50,47,31,6,2,8,0,0
11,2,2,12,Lot 49,27,17,5,3,2,0,0
11,2,2,14,Lot 48,44,34,3,1,5,1,0
11,2,2,26,Lot 31,62,40,14,3,5,0,0
11,2,2,28,Lot 65,52,38,8,5,1,0,0
11,2,2,29,Lot 30,31,25,2,2,1,1,0
11,2,2,31,Lot 29,34,21,6,3,3,1,0
11,2,2,36,Lot 67,49,35,4,1,8,1,0
11,2,2,38,Lot 20,29,20,2,2,5,0,0
11,2,2,39,Lot 21,40,23,7,6,3,1,0
11,2,2,40,Miltonvale Park,19,13,4,1,1,0,0
11,2,2,42,Lot 23,45,31,5,6,3,0,0
11,2,2,44,Lot 24,46,25,10,4,7,0,0
11,2,2,49,Lot 33,72,39,14,5,11,1,2
11,2,2,52,Lot 34,50,26,7,7,10,0,0
11,2,2,54,Lot 35,25,11,4,4,5,1,0
11,2,2,56,Lot 36,29,22,2,3,2,0,0
11,2,2,58,Lot 37,21,12,3,2,4,0,0
11,2,2,85,Cornwall,30,24,4,0,2,0,0
11,3,3,0,Prince,579,324,85,21,133,11,5
11,3,3,1,Lot 28,40,21,7,3,8,1,0
11,3,3,6,Lot 27,35,14,6,0,14,1,0
11,3,3,9,Lot 26,42,13,10,5,14,0,0
11,3,3,11,Lot 25,30,10,3,3,11,3,0
11,3,3,12,Lot 19,36,20,5,0,11,0,0
11,3,3,16,Lot 18,26,11,3,1,11,0,0
11,3,3,19,Lot 17,33,14,7,0,11,1,0
11,3,3,28,Lot 16,29,15,8,0,5,0,1
11,3,3,31,Lot 14,31,17,2,3,8,0,1
11,3,3,32,Lot 13,27,21,2,2,1,1,0
11,3,3,34,Lot 12,19,15,3,0,0,0,1
11,3,3,41,Lot  6,35,22,4,0,8,0,1
11,3,3,44,Lot  9,21,16,3,0,2,0,0
11,3,3,46,Lot  8,36,24,4,0,8,0,0
11,3,3,48,Lot  7,35,26,3,0,4,2,0
11,3,3,51,Lot  4,39,21,6,2,10,0,0
11,3,3,54,Lot  3,37,23,6,1,4,2,1
11,3,3,58,Lot  1,28,21,3,1,3,0,0
12,0,0,0,Nova Scotia / Nouvelle-êcosse,"3,795","2,452",572,196,487,80,8
12,1,0,0,Agricultural Region 1 - rÇgion agricole 1,591,408,81,17,70,14,1
12,2,0,0,Agricultural Region 2 - rÇgion agricole 2,"1,175",680,186,78,203,27,1
12,3,0,0,Agricultural Region 3 - rÇgion agricole 3,"1,149",739,200,62,126,20,2
12,4,0,0,Agricultural Region 4 - rÇgion agricole 4,589,418,77,26,61,6,1
12,5,0,0,Agricultural Region 5 - rÇgion agricole 5,291,207,28,13,27,13,3
12,1,1,0,Shelburne,19,12,4,1,2,0,0
12,1,1,6,Shelburne,19,12,4,1,2,0,0
12,1,2,0,Yarmouth,93,73,9,0,8,3,0
12,1,2,1,Argyle,23,19,3,0,0,1,0
12,1,2,4,Yarmouth,70,54,6,0,8,2,0
12,1,3,0,Digby,118,70,20,5,21,2,0
12,1,3,1,Clare,64,35,10,2,17,0,0
12,1,3,4,Digby,54,35,10,3,4,2,0
12,1,4,0,Queens,35,28,4,0,2,1,0
12,1,4,10,Queens,35,28,4,0,2,1,0
12,2,5,0,Annapolis,228,139,47,16,24,2,0
12,2,5,1,"Annapolis, Subd. D",23,17,2,1,2,1,0
12,2,5,4,"Annapolis, Subd. A",54,30,15,1,8,0,0
12,2,5,9,"Annapolis, Subd. B",78,46,15,9,7,1,0
12,2,5,14,"Annapolis, Subd. C",73,46,15,5,7,0,0
12,1,6,0,Lunenburg,326,225,44,11,37,8,1
12,1,6,1,Lunenburg,243,157,40,9,31,6,0
12,1,6,9,Chester,83,68,4,2,6,2,1
12,2,7,0,Kings,604,335,83,39,128,18,1
12,2,7,1,"Kings, Subd. A",308,182,48,18,53,7,0
12,2,7,11,"Kings, Subd. C",41,25,6,3,5,1,1
12,2,7,16,"Kings, Subd. B",171,100,12,10,40,9,0
12,2,7,21,"Kings, Subd. D",84,28,17,8,30,1,0
12,2,8,0,Hants,343,206,56,23,51,7,0
12,2,8,1,West Hants,164,101,29,11,21,2,0
12,2,8,8,East Hants,179,105,27,12,30,5,0
12,3,9,0,Halifax,154,96,27,11,18,2,0
12,3,9,34,Halifax,154,96,27,11,18,2,0
12,3,10,0,Colchester,442,271,78,21,61,10,1
12,3,10,1,"Colchester, Subd. C",171,99,22,11,31,7,1
12,3,10,8,"Colchester, Subd. B",158,100,34,6,15,3,0
12,3,10,12,"Colchester, Subd. A",113,72,22,4,15,0,0
12,3,11,0,Cumberland,553,372,95,30,47,8,1
12,3,11,1,"Cumberland, Subd. A",102,75,14,4,5,4,0
12,3,11,6,"Cumberland, Subd. B",204,138,32,7,25,1,1
12,3,11,9,"Cumberland, Subd. C",157,100,27,14,13,3,0
12,3,11,14,"Cumberland, Subd. D",90,59,22,5,4,0,0
12,4,12,0,Pictou,273,185,41,13,30,3,1
12,4,12,1,"Pictou, Subd. A",117,76,21,7,11,1,1
12,4,12,6,"Pictou, Subd. B",78,51,13,3,10,1,0
12,4,12,11,"Pictou, Subd. C",78,58,7,3,9,1,0
12,4,13,0,Guysborough,90,67,13,3,6,1,0
12,4,13,1,St. Mary's,21,13,5,3,0,0,0
12,4,13,4,Guysborough,69,54,8,0,6,1,0
12,4,14,0,Antigonish,226,166,23,10,25,2,0
12,4,14,1,"Antigonish, Subd. A",124,90,14,5,14,1,0
12,4,14,6,"Antigonish, Subd. B",102,76,9,5,11,1,0
12,5,15,0,Inverness,138,97,14,5,12,9,1
12,5,15,1,"Inverness, Subd. C",25,17,2,1,1,3,1
12,5,15,6,"Inverness, Subd. B",66,47,4,4,8,3,0
12,5,15,11,"Inverness, Subd. A",47,33,8,0,3,3,0
12,5,16,0,Richmond,20,16,0,1,1,2,0
12,5,16,6,"Richmond, Subd. A",20,16,0,1,1,2,0
12,5,17,0,Cape Breton,94,66,9,5,13,0,1
12,5,17,30,Cape Breton,94,66,9,5,13,0,1
12,5,18,0,Victoria,39,28,5,2,1,2,1
12,5,18,1,"Victoria, Subd. B",39,28,5,2,1,2,1
13,0,0,0,New Brunswick / Nouveau-Brunswick,"2,776","1,770",376,54,488,75,13
13,1,0,0,Agricultural Region 1 - rÇgion agricole 1,992,599,133,17,210,29,4
13,2,0,0,Agricultural Region 2 - rÇgion agricole 2,767,521,110,14,106,13,3
13,3,0,0,Agricultural Region 3 - rÇgion agricole 3,633,408,97,18,94,10,6
13,4,0,0,Agricultural Region 4 - rÇgion agricole 4,384,242,36,5,78,23,0
13,2,2,0,Charlotte,109,75,15,3,14,2,0
13,2,2,16,Saint George,29,15,6,0,8,0,0
13,2,2,28,Saint Croix,23,17,5,1,0,0,0
13,2,2,39,Saint James,30,23,2,2,3,0,0
13,2,2,42,Saint David,27,20,2,0,3,2,0
13,2,3,0,Sunbury,86,52,11,2,14,6,1
13,2,3,1,Blissville,26,18,3,0,2,2,1
13,2,3,4,Gladstone,18,13,2,1,1,1,0
13,2,3,8,Lincoln,18,12,1,0,4,1,0
13,2,3,16,Maugerville,24,9,5,1,7,2,0
13,2,4,0,Queens,107,76,19,1,11,0,0
13,2,4,4,Gagetown,28,19,4,0,5,0,0
13,2,4,8,Wickham,23,16,3,0,4,0,0
13,2,4,11,Cambridge,29,22,6,1,0,0,0
13,2,4,18,Waterborough,27,19,6,0,2,0,0
13,2,5,0,Kings,465,318,65,8,67,5,2
13,2,5,4,Upham,23,18,2,1,2,0,0
13,2,5,6,Hampton,20,17,0,0,3,0,0
13,2,5,14,Kingston,23,15,6,0,2,0,0
13,2,5,18,Norton,36,23,5,0,8,0,0
13,2,5,21,Sussex,60,40,9,1,8,2,0
13,2,5,24,Waterford,18,15,2,0,1,0,0
13,2,5,26,Cardwell,28,14,8,0,4,2,0
13,2,5,28,Havelock,49,35,7,1,5,0,1
13,2,5,31,Studholm,101,71,14,3,13,0,0
13,2,5,34,Springfield,37,27,2,1,6,1,0
13,2,5,36,Kars,27,16,6,0,5,0,0
13,2,5,57,Quispamsis,43,27,4,1,10,0,1
13,3,6,0,Albert,113,78,15,3,15,1,1
13,3,6,1,Hopewell,36,28,4,2,2,0,0
13,3,6,8,Elgin,31,20,5,0,5,1,0
13,3,6,11,Hillsborough,19,17,1,0,0,0,1
13,3,6,14,Coverdale,27,13,5,1,8,0,0
13,3,7,0,Westmorland,357,219,67,11,51,6,3
13,3,7,1,Westmorland,37,24,9,2,2,0,0
13,3,7,4,Botsford,45,28,8,2,6,1,0
13,3,7,5,Beaubassin East / Beaubassin-est,47,30,7,0,7,2,1
13,3,7,8,Sackville,58,39,11,2,4,1,1
13,3,7,13,Memramcook,35,18,9,2,4,1,1
13,3,7,19,Moncton,64,40,11,1,11,1,0
13,3,7,24,Salisbury,71,40,12,2,17,0,0
13,3,8,0,Kent,163,111,15,4,28,3,2
13,3,8,1,Dundas,24,15,4,1,3,1,0
13,3,8,4,Wellington,27,19,2,0,3,1,2
13,3,8,6,Saint Mary,22,18,2,1,1,0,0
13,3,8,8,Saint-Paul,30,18,4,0,8,0,0
13,3,8,14,Weldford,35,28,1,0,6,0,0
13,3,8,16,Richibucto,25,13,2,2,7,1,0
13,4,9,0,Northumberland,100,67,14,1,17,1,0
13,4,9,16,Rogersville,17,10,2,0,5,0,0
13,4,9,26,Southesk,29,21,5,0,2,1,0
13,4,9,31,Newcastle,21,15,3,1,2,0,0
13,4,9,36,Alnwick,33,21,4,0,8,0,0
13,1,10,0,York,280,187,51,4,30,6,2
13,1,10,4,Manners Sutton,29,20,5,0,4,0,0
13,1,10,16,Prince William,33,22,5,1,5,0,0
13,1,10,18,Kingsclear,32,21,9,0,1,1,0
13,1,10,21,Queensbury,28,16,9,1,2,0,0
13,1,10,24,Southampton,20,15,2,0,3,0,0
13,1,10,26,Bright,37,23,6,2,5,1,0
13,1,10,28,Douglas,43,25,7,0,7,3,1
13,1,10,31,Saint Marys,35,24,6,0,3,1,1
13,1,10,36,Stanley,23,21,2,0,0,0,0
13,1,11,0,Carleton,397,238,51,10,86,11,1
13,1,11,1,Richmond,34,21,6,0,7,0,0
13,1,11,4,Woodstock,34,17,6,3,5,2,1
13,1,11,8,Northampton,31,25,0,0,5,1,0
13,1,11,11,Brighton,33,22,6,2,1,2,0
13,1,11,14,Wakefield,55,33,4,2,14,2,0
13,1,11,18,Wilmot,40,26,4,1,9,0,0
13,1,11,24,Peel,42,25,10,0,7,0,0
13,1,11,26,Aberdeen,28,12,5,0,9,2,0
13,1,11,28,Kent,63,36,5,0,21,1,0
13,1,11,31,Wicklow,37,21,5,2,8,1,0
13,1,12,0,Victoria,150,69,19,3,57,1,1
13,1,12,4,Perth,43,22,5,1,14,0,1
13,1,12,14,Denmark,41,23,10,0,8,0,0
13,1,12,16,Grand Falls,30,9,4,1,16,0,0
13,1,12,21,Drummond,36,15,0,1,19,1,0
13,1,13,0,Madawaska,165,105,12,0,37,11,0
13,1,13,1,Saint-AndrÇ,36,11,0,0,23,2,0
13,1,13,4,Saint-LÇonard,20,12,3,0,4,1,0
13,1,13,15,Riviäre-Verte,26,21,3,0,2,0,0
13,1,13,22,Saint-Joseph,31,24,4,0,1,2,0
13,1,13,27,Edmundston,33,24,1,0,5,3,0
13,1,13,41,Saint-Franáois,19,13,1,0,2,3,0
13,4,14,0,Restigouche,92,48,3,1,29,11,0
13,4,14,1,Durham,28,18,3,1,6,0,0
13,4,14,8,Dalhousie,18,9,0,0,6,3,0
13,4,14,21,Saint-Quentin,46,21,0,0,17,8,0
13,4,15,0,Gloucester,192,127,19,3,32,11,0
13,4,15,1,Saumarez,35,24,2,0,6,3,0
13,4,15,8,Bathurst,45,32,4,0,8,1,0
13,4,15,16,New Bandon,27,18,5,0,4,0,0
13,4,15,21,Saint-Isidore,29,16,2,1,5,5,0
13,4,15,24,Inkerman,37,27,2,1,6,1,0
13,4,15,29,Shippagan,19,10,4,1,3,1,0
24,0,0,0,Quebec / QuÇbec,"30,675","15,241","2,272","5,407","6,254","1,472",29
24,1,0,0,Bas-Saint-Laurent,"2,300","1,026",126,410,612,125,1
24,2,0,0,Saguenay--Lac-Saint-Jean/Cìte-Nord,"1,184",588,75,203,243,69,6
24,3,0,0,QuÇbec,"1,157",577,82,204,239,53,2
24,4,0,0,Mauricie,"1,121",542,53,196,278,51,1
24,5,0,0,Estrie,"2,812","1,411",272,605,411,112,1
24,6,0,0,MontrÇal/Laval,225,135,24,19,32,14,1
24,7,0,0,Lanaudiäre,"1,700",798,81,237,475,108,1
24,8,0,0,Outaouais,"1,217",859,165,108,60,25,0
24,9,0,0,Laurentides,"1,448",807,151,255,168,67,0
24,10,0,0,Abitibi-TÇmiscamingue/Nord-du-QuÇbec,785,395,70,176,102,40,2
24,11,0,0,GaspÇsie--?les-de-la-Madeleine,315,185,22,42,47,18,1
24,12,0,0,Chaudiäre-Appalaches,"5,845","2,959",342,950,"1,308",281,5
24,13,0,0,MontÇrÇgie,"7,118","3,399",618,"1,237","1,515",341,8
24,14,0,0,Centre-du-QuÇbec,"3,448","1,560",191,765,764,168,0
24,11,1,0,Les ?les-de-la-Madeleine,28,18,1,1,7,1,0
24,11,1,23,Les ?les-de-la-Madeleine,28,18,1,1,7,1,0
24,11,2,0,Le Rocher-PercÇ,31,22,3,1,3,1,1
24,11,2,5,PercÇ,31,22,3,1,3,1,1
24,11,3,0,La Cìte-de-GaspÇ,24,12,3,4,3,2,0
24,11,3,5,GaspÇ,24,12,3,4,3,2,0
24,11,4,0,La Haute-GaspÇsie,31,17,2,3,8,1,0
24,11,4,47,Cap-Chat,31,17,2,3,8,1,0
24,11,5,0,Bonaventure,122,72,9,23,9,9,0
24,11,5,10,Shigawake,36,26,1,3,4,2,0
24,11,5,45,Bonaventure,25,11,3,6,1,4,0
24,11,5,60,Caplan,31,17,2,7,4,1,0
24,11,5,70,New Richmond,30,18,3,7,0,2,0
24,11,6,0,Avignon,79,44,4,10,17,4,0
24,11,6,20,Nouvelle,36,21,0,5,8,2,0
24,11,6,25,Escuminac,19,11,2,1,5,0,0
24,11,6,50,Saint-Alexis-de-MatapÇdia,24,12,2,4,4,2,0
24,1,7,0,La MatapÇdia,240,112,11,50,58,9,0
24,1,7,18,Causapscal,21,7,1,7,6,0,0
24,1,7,30,Saint-LÇon-le-Grand,27,12,4,7,4,0,0
24,1,7,40,Sainte-Iräne,39,18,2,10,6,3,0
24,1,7,47,Amqui,53,26,2,6,17,2,0
24,1,7,57,Lac-au-Saumon,20,9,0,3,6,2,0
24,1,7,70,Saint-Tharcisius,21,14,0,4,3,0,0
24,1,7,80,Val-Brillant,25,9,1,5,10,0,0
24,1,7,85,Sayabec,16,7,1,3,4,1,0
24,1,7,105,Saint-Damase,18,10,0,5,2,1,0
24,1,8,0,Matane,157,79,10,22,41,5,0
24,1,8,23,Sainte-FÇlicitÇ,17,11,1,1,4,0,0
24,1,8,30,Saint-Adelme,21,13,3,2,1,2,0
24,1,8,53,Matane,46,22,2,9,12,1,0
24,1,8,65,Saint-LÇandre,17,10,1,0,6,0,0
24,1,8,73,Saint-Ulric,30,16,0,7,6,1,0
24,1,8,80,Baie-des-Sables,26,7,3,3,12,1,0
24,1,9,0,La Mitis,300,133,18,54,81,14,0
24,1,9,15,Les Hauteurs,33,13,2,5,13,0,0
24,1,9,20,Sainte-Jeanne-d'Arc,33,21,2,5,5,0,0
24,1,9,25,Saint-Gabriel-de-Rimouski,38,10,2,10,14,2,0
24,1,9,30,Saint-Donat,21,7,1,3,9,1,0
24,1,9,35,Sainte-Angäle-de-MÇrici,27,15,1,8,2,1,0
24,1,9,55,Saint-Octave-de-MÇtis,52,26,4,8,11,3,0
24,1,9,85,Sainte-Flavie,52,26,3,7,15,1,0
24,1,9,92,Sainte-Luce,44,15,3,8,12,6,0
24,1,10,0,Rimouski-Neigette,260,109,17,38,81,15,0
24,1,10,15,Saint-Narcisse-de-Rimouski,23,9,1,4,7,2,0
24,1,10,43,Rimouski,103,36,7,13,43,4,0
24,1,10,60,Saint-ValÇrien,24,14,2,4,3,1,0
24,1,10,65,Le Bic,34,13,2,6,12,1,0
24,1,10,70,Saint-Fabien,44,22,3,7,8,4,0
24,1,10,75,Saint-Eugäne-de-Ladriäre,32,15,2,4,8,3,0
24,1,11,0,Les Basques,211,96,10,30,61,14,0
24,1,11,5,Saint-ClÇment,25,10,0,4,9,2,0
24,1,11,10,Saint-Jean-de-Dieu,44,23,4,5,10,2,0
24,1,11,15,Sainte-Rita,33,13,3,2,8,7,0
24,1,11,30,Sainte-Franáoise,22,11,1,5,3,2,0
24,1,11,35,Saint-êloi,23,6,0,5,11,1,0
24,1,11,45,Notre-Dame-des-Neiges,35,20,0,4,11,0,0
24,1,11,55,Saint-Simon,29,13,2,5,9,0,0
24,1,12,0,Riviäre-du-Loup,296,119,14,68,86,9,0
24,1,12,5,Saint-Cyprien,32,14,1,6,10,1,0
24,1,12,10,Saint-Hubert-de-Riviäre-du-Loup,28,18,2,2,6,0,0
24,1,12,15,Saint-Antonin,34,17,3,6,7,1,0
24,1,12,30,Saint-êpiphane,41,19,3,13,5,1,0
24,1,12,43,L'Isle-Verte,48,12,1,20,15,0,0
24,1,12,60,Saint-Georges-de-Cacouna,29,11,1,4,9,4,0
24,1,12,65,Saint-Arsäne,51,12,2,14,23,0,0
24,1,12,72,Riviäre-du-Loup,33,16,1,3,11,2,0
24,1,13,0,TÇmiscouata,393,178,30,41,104,40,0
24,1,13,5,DÇgelis,42,20,4,6,10,2,0
24,1,13,25,Riviäre-Bleue,45,25,2,3,9,6,0
24,1,13,30,Saint-Eusäbe,25,15,2,3,4,1,0
24,1,13,35,Notre-Dame-du-Lac,28,9,3,5,9,2,0
24,1,13,45,Auclair,31,12,4,2,9,4,0
24,1,13,50,Lejeune,21,9,2,0,7,3,0
24,1,13,55,Biencourt,41,14,3,6,13,5,0
24,1,13,65,Saint-Michel-du-Squatec,44,25,4,3,7,5,0
24,1,13,70,Cabano,28,11,2,3,9,3,0
24,1,13,80,Saint-Louis-du-Ha! Ha!,20,6,1,5,7,1,0
24,1,13,95,PohÇnÇgamook,49,26,1,5,14,3,0
24,1,13,100,Saint-Athanase,19,6,2,0,6,5,0
24,1,14,0,Kamouraska,443,200,16,107,100,19,1
24,1,14,5,Mont-Carmel,32,17,1,7,3,4,0
24,1,14,18,Saint-Pascal,44,23,1,10,8,2,0
24,1,14,25,Sainte-HÇläne,26,10,0,10,6,0,0
24,1,14,30,Saint-Joseph-de-Kamouraska,28,12,2,4,8,2,0
24,1,14,35,Saint-Alexandre-de-Kamouraska,50,22,2,10,16,0,0
24,1,14,40,Saint-AndrÇ,37,17,0,12,6,2,0
24,1,14,50,Kamouraska,38,8,0,14,14,2,0
24,1,14,55,Saint-Denis,31,12,3,5,10,1,0
24,1,14,60,Saint-Philippe-de-NÇri,24,14,1,3,6,0,0
24,1,14,65,Riviäre-Ouelle,32,10,0,9,10,3,0
24,1,14,80,Saint-OnÇsime-d'Ixworth,35,22,3,6,3,1,0
24,1,14,90,Sainte-Anne-de-la-Pocatiäre,66,33,3,17,10,2,1
24,3,15,0,Charlevoix-Est,67,29,7,9,20,2,0
24,3,15,5,Saint-IrÇnÇe,19,4,0,6,8,1,0
24,3,15,13,La Malbaie,48,25,7,3,12,1,0
24,3,16,0,Charlevoix,126,59,8,31,25,3,0
24,3,16,13,Baie-Saint-Paul,46,23,2,13,7,1,0
24,3,16,48,Les êboulements,31,10,4,10,6,1,0
24,3,16,50,Saint-Hilarion,49,26,2,8,12,1,0
24,12,17,0,L'Islet,517,311,26,75,81,23,1
24,12,17,10,Saint-Pamphile,45,24,1,12,6,2,0
24,12,17,15,Saint-Adalbert,42,25,3,8,4,1,1
24,12,17,20,Saint-Marcel,36,20,3,5,6,2,0
24,12,17,25,Sainte-FÇlicitÇ,18,15,1,0,1,1,0
24,12,17,30,Sainte-PerpÇtue,67,43,8,5,7,4,0
24,12,17,40,Saint-Damase-de-l'Islet,31,23,0,2,4,2,0
24,12,17,45,Saint-Cyrille-de-Lessard,20,14,1,3,2,0,0
24,12,17,55,Saint-Aubert,54,35,3,8,6,2,0
24,12,17,60,Sainte-Louise,39,21,0,11,6,1,0
24,12,17,65,Saint-Roch-des-Aulnaies,28,9,1,4,14,0,0
24,12,17,70,Saint-Jean-Port-Joli,61,34,2,11,9,5,0
24,12,17,78,L'Islet,76,48,3,6,16,3,0
24,12,18,0,Montmagny,342,161,17,51,90,23,0
24,12,18,15,Saint-Fabien-de-Panet,28,14,2,5,4,3,0
24,12,18,20,Sainte-Lucie-de-Beauregard,21,7,3,3,5,3,0
24,12,18,25,Sainte-Apolline-de-Patton,22,14,3,1,2,2,0
24,12,18,30,Saint-Paul-de-Montminy,33,23,2,3,1,4,0
24,12,18,45,Cap-Saint-Ignace,73,30,2,12,25,4,0
24,12,18,50,Montmagny,61,37,2,8,12,2,0
24,12,18,55,Saint-Pierre-de-la-Riviäre-du-Sud,38,14,2,8,11,3,0
24,12,18,60,Saint-Franáois-de-la-Riviäre-du-Sud,66,22,1,11,30,2,0
24,12,19,0,Bellechasse,981,432,42,178,272,57,0
24,12,19,5,Saint-PhilÇmon,23,12,2,3,4,2,0
24,12,19,10,Notre-Dame-Auxiliatrice-de-Buckland,30,25,1,3,1,0,0
24,12,19,15,Saint-Nazaire-de-Dorchester,37,24,3,6,2,2,0
24,12,19,20,Saint-LÇon-de-Standon,45,29,2,7,6,1,0
24,12,19,25,Saint-Malachie,45,24,6,3,9,3,0
24,12,19,37,Armagh,53,32,4,11,4,2,0
24,12,19,45,Saint-NÇrÇe,26,16,3,1,4,2,0
24,12,19,50,Saint-Lazare-de-Bellechasse,55,27,1,16,10,1,0
24,12,19,55,Sainte-Claire,61,27,1,13,19,1,0
24,12,19,62,Saint-Anselme,78,25,1,16,29,7,0
24,12,19,68,Saint-Henri,93,26,5,12,37,13,0
24,12,19,70,Honfleur,68,30,0,13,21,4,0
24,12,19,75,Saint-Gervais,103,33,3,17,46,4,0
24,12,19,82,Saint-Raphaâl,42,24,2,6,8,2,0
24,12,19,90,La Durantaye,36,14,2,13,6,1,0
24,12,19,97,Saint-Charles-de-Bellechasse,65,18,2,18,22,5,0
24,12,19,105,Beaumont,27,14,1,2,8,2,0
24,12,19,110,Saint-Michel-de-Bellechasse,44,13,0,6,22,3,0
24,12,19,117,Saint-Vallier,50,19,3,12,14,2,0
24,3,20,0,L'?le-d'OrlÇans,179,93,11,34,32,9,0
24,3,20,5,Saint-Franáois-de-l'?le-d'OrlÇans,24,12,2,6,2,2,0
24,3,20,10,Sainte-Famille,57,34,5,11,5,2,0
24,3,20,15,Saint-Jean-de-l'?le-d'OrlÇans,29,10,0,8,8,3,0
24,3,20,20,Saint-Laurent-de-l'?le-d'OrlÇans,37,20,1,5,10,1,0
24,3,20,25,Saint-Pierre-de-l'?le-d'OrlÇans,32,17,3,4,7,1,0
24,3,21,0,La Cìte-de-BeauprÇ,84,48,12,11,10,3,0
24,3,21,5,Saint-Tite-des-Caps,35,24,4,3,3,1,0
24,3,21,35,ChÉteau-Richer,29,11,6,5,5,2,0
24,3,21,40,L'Ange-Gardien,20,13,2,3,2,0,0
24,3,22,0,La Jacques-Cartier,54,26,6,6,15,1,0
24,3,22,5,Sainte-Catherine-de-la-Jacques-Cartier,26,14,3,4,5,0,0
24,3,22,25,Saint-Gabriel-de-Valcartier,28,12,3,2,10,1,0
24,3,23,0,QuÇbec,177,117,13,17,21,8,1
24,3,23,27,QuÇbec,177,117,13,17,21,8,1
24,12,25,0,LÇvis,187,107,15,19,30,14,2
24,12,25,213,LÇvis,187,107,15,19,30,14,2
24,12,26,0,La Nouvelle-Beauce,750,283,28,109,288,41,1
24,12,26,5,Frampton,61,31,4,14,11,1,0
24,12,26,10,Saints-Anges,70,33,5,18,11,3,0
24,12,26,22,Saint-ElzÇar,81,26,2,17,35,1,0
24,12,26,30,Sainte-Marie,102,58,1,12,30,1,0
24,12,26,35,Sainte-Marguerite,75,30,4,8,29,4,0
24,12,26,40,Sainte-HÇnÇdine,60,26,2,13,18,1,0
24,12,26,48,Scott,22,8,1,0,6,7,0
24,12,26,55,Saint-Bernard,126,23,2,14,76,11,0
24,12,26,63,Saint-Isidore,106,28,3,9,56,10,0
24,12,26,70,Saint-Lambert-de-Lauzon,47,20,4,4,16,2,1
24,12,27,0,Robert-Cliche,470,262,27,96,68,17,0
24,12,27,8,Saint-Victor,112,62,5,22,17,6,0
24,12,27,15,Saint-Alfred,16,12,2,1,1,0,0
24,12,27,28,Beauceville,57,34,4,8,10,1,0
24,12,27,35,Saint-Odilon-de-Cranbourne,47,17,1,16,10,3,0
24,12,27,43,Saint-Joseph-de-Beauce,68,31,6,21,9,1,0
24,12,27,50,Saint-Joseph-des-êrables,42,22,2,9,6,3,0
24,12,27,55,Saint-Jules,44,26,3,8,6,1,0
24,12,27,65,Saint-FrÇdÇric,62,40,2,10,8,2,0
24,12,27,70,Saint-SÇverin,22,18,2,1,1,0,0
24,12,28,0,Les Etchemins,298,196,24,41,25,11,1
24,12,28,5,Saint-Zacharie,70,53,9,7,1,0,0
24,12,28,15,Sainte-AurÇlie,21,14,3,1,2,1,0
24,12,28,20,Saint-Prosper,37,26,2,5,1,3,0
24,12,28,25,Saint-Benjamin,16,10,1,4,1,0,0
24,12,28,30,Sainte-Rose-de-Watford,19,13,0,3,2,1,0
24,12,28,35,Saint-Louis-de-Gonzague,26,19,1,4,2,0,0
24,12,28,40,Saint-Cyprien,17,12,4,0,1,0,0
24,12,28,45,Sainte-Justine,25,17,0,3,3,2,0
24,12,28,53,Lac-Etchemin,27,17,1,6,1,2,0
24,12,28,70,Saint-Camille-de-Lellis,17,8,0,5,3,1,0
24,12,28,75,Saint-Magloire,23,7,3,3,8,1,1
24,12,29,0,Beauce-Sartigan,685,399,60,100,98,28,0
24,12,29,5,Saint-ThÇophile,41,22,7,8,1,3,0
24,12,29,13,Saint-GÇdÇon-de-Beauce,38,26,5,2,3,2,0
24,12,29,20,Saint-Hilaire-de-Dorset,21,11,1,5,4,0,0
24,12,29,25,Saint-êvariste-de-Forsyth,48,28,2,12,5,1,0
24,12,29,30,La Guadeloupe,21,11,0,2,5,3,0
24,12,29,38,Saint-HonorÇ-de-Shenley,95,41,8,18,26,2,0
24,12,29,45,Saint-Martin,50,28,4,6,6,6,0
24,12,29,57,Saint-Cìme--Liniäre,57,32,5,10,9,1,0
24,12,29,65,Saint-Philibert,20,15,2,0,2,1,0
24,12,29,73,Saint-Georges,110,66,10,16,14,4,0
24,12,29,100,Saint-Benoåt-Labre,54,38,4,7,4,1,0
24,12,29,112,Saint-êphrem-de-Beauce,112,73,9,12,15,3,0
24,12,29,125,Saint-Simon-les-Mines,18,8,3,2,4,1,0
24,5,30,0,Le Granit,561,271,48,124,91,27,0
24,5,30,5,Saint-Augustin-de-Woburn,30,11,4,6,6,3,0
24,5,30,25,Frontenac,37,28,1,4,2,2,0
24,5,30,35,Marston,34,24,2,5,3,0,0
24,5,30,45,Nantes,30,13,3,9,3,2,0
24,5,30,50,Sainte-CÇcile-de-Whitton,28,13,3,8,4,0,0
24,5,30,55,Audet,43,28,3,8,3,1,0
24,5,30,70,Saint-Robert-Bellarmin,83,28,10,20,20,5,0
24,5,30,80,Lac-Drolet,37,16,2,10,7,2,0
24,5,30,85,Saint-SÇbastien,48,24,3,13,7,1,0
24,5,30,90,Courcelles,38,20,4,3,7,4,0
24,5,30,95,Lambton,56,22,3,14,15,2,0
24,5,30,100,Saint-Romain,33,13,6,10,3,1,0
24,5,30,105,Stornoway,37,24,1,6,5,1,0
24,5,30,110,Stratford,27,7,3,8,6,3,0
24,12,31,0,L'Amiante,796,476,51,124,117,28,0
24,12,31,8,Beaulac-Garthby,26,18,2,1,4,1,0
24,12,31,20,Disraeli,36,26,0,4,6,0,0
24,12,31,30,Saint-Fortunat,29,10,1,7,11,0,0
24,12,31,35,Saint-Julien,40,24,5,6,4,1,0
24,12,31,40,Irlande,65,35,3,13,12,2,0
24,12,31,50,Sainte-Praxäde,25,12,1,6,3,3,0
24,12,31,56,Adstock,95,65,3,11,13,3,0
24,12,31,60,Sainte-Clotilde-de-Beauce,51,37,4,6,4,0,0
24,12,31,84,Thetford Mines,86,58,10,4,11,3,0
24,12,31,95,Saint-Adrien-d'Irlande,35,16,3,7,7,2,0
24,12,31,100,Saint-Jean-de-BrÇbeuf,47,21,4,11,7,4,0
24,12,31,105,Kinnear's Mills,39,24,3,6,4,2,0
24,12,31,130,SacrÇ-Coeur-de-JÇsus,73,51,1,13,6,2,0
24,12,31,135,Saint-Pierre-de-Broughton,80,46,7,15,11,1,0
24,12,31,140,Saint-Jacques-de-Leeds,69,33,4,14,14,4,0
24,14,32,0,L'êrable,675,332,38,111,159,35,0
24,14,32,13,Saint-Ferdinand,102,64,8,14,15,1,0
24,14,32,23,Sainte-Sophie-d'Halifax,76,39,3,18,13,3,0
24,14,32,33,Princeville,81,26,4,9,37,5,0
24,14,32,45,Plessisville,96,41,4,10,32,9,0
24,14,32,50,Saint-Pierre-Baptiste,61,32,4,12,10,3,0
24,14,32,58,Inverness,101,59,8,19,13,2,0
24,14,32,65,Lyster,53,18,1,14,16,4,0
24,14,32,72,Laurierville,65,31,5,8,17,4,0
24,14,32,80,Notre-Dame-de-Lourdes,24,12,1,4,5,2,0
24,14,32,85,Villeroy,16,10,0,3,1,2,0
24,12,33,0,Lotbiniäre,819,332,52,157,239,39,0
24,12,33,7,Saint-Sylvestre,86,31,6,12,32,5,0
24,12,33,17,Sainte-Agathe-de-Lotbiniäre,79,44,5,18,11,1,0
24,12,33,25,Saint-Patrice-de-Beaurivage,69,16,3,11,30,9,0
24,12,33,30,Saint-Narcisse-de-Beaurivage,77,15,4,16,34,8,0
24,12,33,35,Saint-Gilles,40,16,3,9,11,1,0
24,12,33,40,Dosquet,24,11,2,4,5,2,0
24,12,33,45,Saint-Agapit,43,18,0,10,13,2,0
24,12,33,52,Saint-Flavien,45,18,1,11,14,1,0
24,12,33,65,Saint-Janvier-de-Joly,29,12,7,4,6,0,0
24,12,33,70,Val-Alain,18,11,3,2,2,0,0
24,12,33,80,Saint-êdouard-de-Lotbiniäre,66,30,3,6,25,2,0
24,12,33,85,Notre-Dame-du-SacrÇ-Coeur-d'Issoudun,38,14,4,8,11,1,0
24,12,33,90,Saint-Apollinaire,34,14,3,5,9,3,0
24,12,33,95,Saint-Antoine-de-Tilly,41,26,2,4,7,2,0
24,12,33,102,Sainte-Croix,42,21,2,11,7,1,0
24,12,33,115,Lotbiniäre,44,21,3,11,9,0,0
24,12,33,123,Leclercville,44,14,1,15,13,1,0
24,3,34,0,Portneuf,470,205,25,96,116,27,1
24,3,34,7,Neuville,44,21,3,10,9,1,0
24,3,34,17,Pont-Rouge,56,22,2,14,13,5,0
24,3,34,30,Cap-SantÇ,27,10,2,9,6,0,0
24,3,34,38,Saint-Basile,47,24,2,8,11,2,0
24,3,34,58,Deschambault-Grondines,47,23,2,12,10,0,0
24,3,34,60,Saint-Gilbert,30,14,1,6,5,4,0
24,3,34,78,Saint-Casimir,30,14,1,3,10,2,0
24,3,34,85,Saint-Thuribe,27,8,2,7,10,0,0
24,3,34,90,Saint-Ubalde,55,18,6,5,20,6,0
24,3,34,97,Saint-Alban,27,9,2,7,7,2,0
24,3,34,105,Sainte-Christine-d'Auvergne,41,21,1,8,7,3,1
24,3,34,128,Saint-Raymond,39,21,1,7,8,2,0
24,4,35,0,MÇkinac,155,58,10,37,46,4,0
24,4,35,10,Lac-aux-Sables,19,5,2,8,3,1,0
24,4,35,15,Saint-Adelphe,28,9,1,7,11,0,0
24,4,35,20,Saint-SÇverin,25,10,3,2,9,1,0
24,4,35,27,Saint-Tite,34,16,2,3,12,1,0
24,4,35,35,HÇrouxville,22,9,2,6,4,1,0
24,4,35,50,Sainte-Thäcle,27,9,0,11,7,0,0
24,4,36,0,Shawinigan,43,30,1,5,6,1,0
24,4,36,33,Shawinigan,43,30,1,5,6,1,0
24,4,37,0,Francheville,389,183,23,67,98,18,0
24,4,37,67,Trois-Riviäres,58,32,5,8,11,2,0
24,4,37,205,Sainte-Anne-de-la-PÇrade,49,20,3,8,16,2,0
24,4,37,210,Batiscan,23,12,0,3,7,1,0
24,4,37,215,Sainte-Geneviäve-de-Batiscan,25,12,0,3,10,0,0
24,4,37,220,Champlain,33,11,2,8,11,1,0
24,4,37,225,Saint-Luc-de-Vincennes,24,13,2,4,4,1,0
24,4,37,230,Saint-Maurice,53,25,3,6,17,2,0
24,4,37,235,Notre-Dame-du-Mont-Carmel,19,10,1,5,2,1,0
24,4,37,240,Saint-Narcisse,36,21,3,5,4,3,0
24,4,37,245,Saint-Stanislas,39,16,3,10,8,2,0
24,4,37,250,Saint-Prosper,30,11,1,7,8,3,0
24,14,38,0,BÇcancour,466,210,23,118,96,19,0
24,14,38,5,Saint-Sylväre,53,23,1,17,9,3,0
24,14,38,10,BÇcancour,210,115,11,35,40,9,0
24,14,38,28,Manseau,31,12,2,10,6,1,0
24,14,38,35,Sainte-Franáoise,25,4,2,12,7,0,0
24,14,38,40,Sainte-Sophie-de-LÇvrard,28,12,1,7,6,2,0
24,14,38,47,Fortierville,32,12,2,8,9,1,0
24,14,38,55,Parisville,19,6,0,9,4,0,0
24,14,38,60,Sainte-CÇcile-de-LÇvrard,17,4,0,6,5,2,0
24,14,38,65,Saint-Pierre-les-Becquets,31,14,3,7,6,1,0
24,14,38,70,Deschaillons-sur-Saint-Laurent,20,8,1,7,4,0,0
24,14,39,0,Arthabaska,936,420,50,214,202,50,0
24,14,39,10,Ham-Nord,53,19,5,14,12,3,0
24,14,39,15,Notre-Dame-de-Ham,17,11,0,5,1,0,0
24,14,39,20,Saint-RÇmi-de-Tingwick,42,25,1,11,3,2,0
24,14,39,25,Tingwick,91,46,5,21,16,3,0
24,14,39,30,Chesterville,50,20,4,10,13,3,0
24,14,39,35,Chester-Est,36,15,2,14,4,1,0
24,14,39,42,Saint-Norbert-d'Arthabaska,91,40,8,23,15,5,0
24,14,39,62,Victoriaville,114,54,5,16,30,9,0
24,14,39,77,Warwick,89,32,3,21,27,6,0
24,14,39,85,Saint-Albert,34,14,0,3,13,4,0
24,14,39,90,Sainte-êlisabeth-de-Warwick,40,11,2,9,17,1,0
24,14,39,97,Kingsey Falls,31,16,1,7,4,3,0
24,14,39,105,Sainte-SÇraphine,29,10,2,8,7,2,0
24,14,39,117,Sainte-Clotilde-de-Horton,53,22,3,10,15,3,0
24,14,39,130,Saint-Samuel,20,11,1,6,2,0,0
24,14,39,135,Saint-Valäre,57,27,4,13,10,3,0
24,14,39,145,Saint-Rosaire,41,25,1,11,4,0,0
24,14,39,150,Sainte-Anne-du-Sault,22,10,0,8,4,0,0
24,14,39,170,Saint-Louis-de-Blandford,26,12,3,4,5,2,0
24,5,40,0,Asbestos,266,116,20,75,43,12,0
24,5,40,5,Saint-Joseph-de-Ham-Sud,18,6,3,4,3,2,0
24,5,40,10,Saint-Adrien,19,7,2,7,2,1,0
24,5,40,17,Wotton,75,31,6,23,12,3,0
24,5,40,25,Saint-Camille,35,14,0,11,9,1,0
24,5,40,32,Saint-Georges-de-Windsor,45,19,3,12,9,2,0
24,5,40,47,Danville,74,39,6,18,8,3,0
24,5,41,0,Le Haut-Saint-Franáois,488,271,53,106,49,8,1
24,5,41,12,Saint-Isidore-de-Clifton,52,26,8,16,2,0,0
24,5,41,27,La Patrie,40,25,1,12,2,0,0
24,5,41,38,Cookshire-Eaton,185,98,18,44,20,4,1
24,5,41,55,Ascot Corner,16,10,3,2,0,1,0
24,5,41,65,Westbury,28,14,5,4,5,0,0
24,5,41,70,Bury,47,32,2,7,6,0,0
24,5,41,85,Lingwick,33,18,5,5,5,0,0
24,5,41,98,Weedon,45,25,3,10,5,2,0
24,5,41,117,Dudswell,42,23,8,6,4,1,0
24,5,42,0,Le Val-Saint-Franáois,491,266,57,95,57,16,0
24,5,42,5,Stoke,39,23,2,5,7,2,0
24,5,42,20,Saint-Franáois-Xavier-de-Brompton,40,22,5,10,3,0,0
24,5,42,32,Racine,48,24,7,10,4,3,0
24,5,42,40,Bonsecours,26,15,1,8,2,0,0
24,5,42,50,Sainte-Anne-de-la-Rochelle,50,29,3,12,6,0,0
24,5,42,60,Valcourt,34,14,9,6,3,2,0
24,5,42,65,Maricourt,33,16,4,6,5,2,0
24,5,42,75,Melbourne,71,31,11,18,9,2,0
24,5,42,95,Val-Joli,58,32,6,11,6,3,0
24,5,42,100,Saint-Claude,39,23,4,3,8,1,0
24,5,42,110,Cleveland,53,37,5,6,4,1,0
24,5,43,0,Sherbrooke,127,77,11,19,15,5,0
24,5,43,27,Sherbrooke,127,77,11,19,15,5,0
24,5,44,0,Coaticook,579,224,47,150,129,29,0
24,5,44,3,Saint-Malo,30,13,2,8,6,1,0
24,5,44,10,East Hereford,25,11,0,8,5,1,0
24,5,44,15,Saint-HermÇnÇgilde,19,7,1,4,5,2,0
24,5,44,23,Dixville,29,13,2,8,6,0,0
24,5,44,37,Coaticook,132,44,10,33,38,7,0
24,5,44,45,Barnston-Ouest,39,13,6,9,11,0,0
24,5,44,50,Stanstead-Est,53,22,5,11,11,4,0
24,5,44,55,Sainte-Edwidge-de-Clifton,54,28,3,14,7,2,0
24,5,44,60,Martinville,18,7,0,6,3,2,0
24,5,44,71,Compton,180,66,18,49,37,10,0
24,5,45,0,MemphrÇmagog,300,186,36,36,27,15,0
24,5,45,20,Ogden,36,26,2,5,3,0,0
24,5,45,25,Stanstead,23,10,2,4,3,4,0
24,5,45,30,Potton,38,19,6,6,5,2,0
24,5,45,43,Hatley,27,12,4,6,3,2,0
24,5,45,55,Hatley,33,26,5,1,0,1,0
24,5,45,60,Sainte-Catherine-de-Hatley,42,30,7,2,3,0,0
24,5,45,72,Magog,41,22,2,6,6,5,0
24,5,45,95,Bolton-Est,18,12,2,1,2,1,0
24,5,45,105,Stukely-Sud,24,16,3,4,1,0,0
24,5,45,115,Orford,18,13,3,1,1,0,0
24,13,46,0,Brome-Missisquoi,721,374,75,120,115,36,1
24,13,46,10,Frelighsburg,42,24,3,7,7,0,1
24,13,46,17,Saint-Armand,52,27,5,12,6,2,0
24,13,46,25,Saint-Pierre-de-VÇronne-Ö-Pike-River,45,18,5,8,12,2,0
24,13,46,40,Bedford,22,8,3,5,5,1,0
24,13,46,45,Stanbridge East,47,29,5,4,7,2,0
24,13,46,50,Dunham,135,72,17,17,21,8,0
24,13,46,58,Sutton,46,30,5,5,4,2,0
24,13,46,65,Bolton-Ouest,27,16,6,5,0,0,0
24,13,46,75,Lac-Brome,84,56,6,10,7,5,0
24,13,46,90,Brigham,52,23,6,10,9,4,0
24,13,46,95,Saint-Ignace-de-Stanbridge,40,17,2,6,12,3,0
24,13,46,100,Notre-Dame-de-Stanbridge,33,15,3,9,6,0,0
24,13,46,105,Sainte-Sabine,43,20,3,8,11,1,0
24,13,46,112,Farnham,53,19,6,14,8,6,0
24,13,47,0,La Haute-Yamaska,483,230,44,95,87,27,0
24,13,47,5,Bromont,43,27,1,10,2,3,0
24,13,47,10,Saint-Alphonse,53,14,4,7,20,8,0
24,13,47,20,Granby,83,41,8,14,15,5,0
24,13,47,35,Shefford,72,39,8,13,5,7,0
24,13,47,40,Saint-Joachim-de-Shefford,80,39,10,23,8,0,0
24,13,47,47,Roxton Pond,89,41,10,16,19,3,0
24,13,47,55,Sainte-CÇcile-de-Milton,63,29,3,12,18,1,0
24,13,48,0,Acton,444,184,30,118,93,19,0
24,13,48,5,BÇthanie,34,16,2,7,8,1,0
24,13,48,15,Roxton,102,55,7,27,11,2,0
24,13,48,20,Sainte-Christine,42,13,4,13,11,1,0
24,13,48,28,Acton Vale,74,30,7,23,10,4,0
24,13,48,38,Upton,69,24,2,15,25,3,0
24,13,48,45,Saint-ThÇodore-d'Acton,60,23,4,18,14,1,0
24,13,48,50,Saint-Nazaire-d'Acton,63,23,4,15,14,7,0
24,14,49,0,Drummond,813,377,54,185,157,40,0
24,14,49,5,Saint-FÇlix-de-Kingsey,75,37,6,17,11,4,0
24,14,49,15,Durham-Sud,50,24,5,15,5,1,0
24,14,49,20,Lefebvre,24,13,2,7,2,0,0
24,14,49,25,L'Avenir,55,25,8,14,4,4,0
24,14,49,30,Saint-Lucien,18,10,0,4,3,1,0
24,14,49,40,Wickham,76,29,4,11,25,7,0
24,14,49,48,Saint-Germain-de-Grantham,67,26,8,9,18,6,0
24,14,49,58,Drummondville,144,73,7,33,25,6,0
24,14,49,80,Notre-Dame-du-Bon-Conseil,36,14,3,9,9,1,0
24,14,49,85,Sainte-Brigitte-des-Saults,49,15,3,14,11,6,0
24,14,49,95,Saint-Majorique-de-Grantham,25,16,0,5,3,1,0
24,14,49,100,Saint-Edmond-de-Grantham,21,10,2,3,6,0,0
24,14,49,105,Saint-Eugäne,39,23,3,6,7,0,0
24,14,49,113,Saint-Guillaume,62,27,3,17,14,1,0
24,14,49,125,Saint-Bonaventure,50,24,0,13,11,2,0
24,14,49,130,Saint-Pie-de-Guire,22,11,0,8,3,0,0
24,14,50,0,Nicolet-Yamaska,558,221,26,137,150,24,0
24,14,50,5,Sainte-Eulalie,39,22,2,8,6,1,0
24,14,50,23,Saint-Wenceslas,42,16,1,9,8,8,0
24,14,50,35,Saint-CÇlestin,36,15,0,14,7,0,0
24,14,50,42,Saint-LÇonard-d'Aston,38,12,1,10,12,3,0
24,14,50,50,Sainte-PerpÇtue,54,19,4,12,17,2,0
24,14,50,57,Sainte-Monique,38,16,0,10,12,0,0
24,14,50,65,Grand-Saint-Esprit,17,7,0,3,7,0,0
24,14,50,72,Nicolet,52,18,1,14,19,0,0
24,14,50,85,La Visitation-de-Yamaska,30,8,2,7,12,1,0
24,14,50,90,Saint-ZÇphirin-de-Courval,59,29,2,10,17,1,0
24,14,50,95,Saint-Elphäge,23,4,0,12,7,0,0
24,14,50,100,Baie-du-Febvre,55,16,2,13,18,6,0
24,14,50,113,Pierreville,75,39,11,15,8,2,0
24,4,51,0,MaskinongÇ,515,256,19,86,125,28,1
24,4,51,8,MaskinongÇ,30,13,1,10,5,1,0
24,4,51,15,Louiseville,39,9,1,6,15,8,0
24,4,51,20,Yamachiche,74,25,4,17,21,7,0
24,4,51,25,Saint-BarnabÇ,35,18,0,6,10,1,0
24,4,51,30,Saint-SÇväre,28,11,1,5,10,1,0
24,4,51,35,Saint-LÇon-le-Grand,59,27,2,17,13,0,0
24,4,51,40,Sainte-Ursule,44,34,0,6,4,0,0
24,4,51,45,Saint-Justin,37,20,2,1,12,2,0
24,4,51,55,Sainte-Angäle-de-PrÇmont,30,22,1,3,3,0,1
24,4,51,60,Saint-Paulin,46,27,2,7,7,3,0
24,4,51,80,Charette,19,16,1,0,2,0,0
24,4,51,85,Saint-Boniface,36,18,1,6,10,1,0
24,4,51,90,Saint-êtienne-des-Gräs,38,16,3,2,13,4,0
24,7,52,0,D'Autray,466,212,21,73,125,35,0
24,7,52,7,Lavaltrie,38,13,3,5,13,4,0
24,7,52,17,Lanoraie,42,17,1,1,17,6,0
24,7,52,30,Sainte-êlisabeth,68,28,3,16,16,5,0
24,7,52,40,Sainte-Geneviäve-de-Berthier,31,10,3,7,10,1,0
24,7,52,45,Saint-Ignace-de-Loyola,30,16,3,5,5,1,0
24,7,52,55,Saint-BarthÇlemy,55,28,4,11,11,1,0
24,7,52,62,Saint-Cuthbert,63,33,1,9,20,0,0
24,7,52,70,Saint-Norbert,38,21,1,5,8,3,0
24,7,52,85,Saint-Gabriel-de-Brandon,64,26,1,7,18,12,0
24,7,52,90,Saint-Didace,37,20,1,7,7,2,0
24,13,53,0,Le Bas-Richelieu,320,170,19,68,51,12,0
24,13,53,5,Saint-David,57,28,4,11,11,3,0
24,13,53,15,Saint-AimÇ,51,18,2,18,13,0,0
24,13,53,20,Saint-Robert,40,23,2,11,3,1,0
24,13,53,25,Sainte-Victoire-de-Sorel,35,20,2,8,3,2,0
24,13,53,32,Saint-Ours,42,27,4,3,6,2,0
24,13,53,40,Saint-Roch-de-Richelieu,30,16,2,5,5,2,0
24,13,53,72,Yamaska,44,27,1,7,7,2,0
24,13,53,85,Saint-GÇrard-Majella,21,11,2,5,3,0,0
24,13,54,0,Les Maskoutains,"1,106",484,80,213,262,66,1
24,13,54,8,Saint-Pie,109,44,17,14,31,3,0
24,13,54,17,Saint-Damase,109,48,8,19,29,4,1
24,13,54,30,Sainte-Marie-Madeleine,59,28,3,8,16,4,0
24,13,54,35,La PrÇsentation,86,41,6,11,22,6,0
24,13,54,48,Saint-Hyacinthe,136,62,4,24,35,11,0
24,13,54,60,Saint-Dominique,64,28,4,13,14,5,0
24,13,54,65,Saint-ValÇrien-de-Milton,101,43,9,25,21,3,0
24,13,54,72,Saint-Liboire,67,26,4,18,14,5,0
24,13,54,90,Saint-Simon,48,17,2,16,12,1,0
24,13,54,95,Sainte-HÇläne-de-Bagot,70,31,3,16,16,4,0
24,13,54,100,Saint-Hugues,78,36,6,16,13,7,0
24,13,54,105,Saint-BarnabÇ-Sud,45,22,1,9,10,3,0
24,13,54,110,Saint-Jude,48,23,3,11,6,5,0
24,13,54,115,Saint-Bernard-de-Michaudville,28,14,2,2,8,2,0
24,13,54,120,Saint-Louis,27,10,5,4,7,1,0
24,13,54,125,Saint-Marcel-de-Richelieu,31,11,3,7,8,2,0
24,13,55,0,Rouville,514,219,43,86,129,37,0
24,13,55,8,Ange-Gardien,106,46,6,15,35,4,0
24,13,55,15,Saint-Paul-d'Abbotsford,106,48,10,20,22,6,0
24,13,55,23,Saint-CÇsaire,92,37,7,13,28,7,0
24,13,55,30,Sainte-Angäle-de-Monnoir,41,19,5,10,5,2,0
24,13,55,37,Rougemont,76,35,5,10,15,11,0
24,13,55,48,Marieville,40,12,4,5,15,4,0
24,13,55,57,Richelieu,19,9,1,5,3,1,0
24,13,55,65,Saint-Mathias-sur-Richelieu,34,13,5,8,6,2,0
24,13,56,0,Le Haut-Richelieu,618,247,65,123,161,20,2
24,13,56,10,Saint-Georges-de-Clarenceville,36,20,4,2,8,1,1
24,13,56,15,Noyan,25,9,4,6,6,0,0
24,13,56,23,Lacolle,30,11,2,11,6,0,0
24,13,56,30,Saint-Valentin,38,10,3,6,17,2,0
24,13,56,42,Henryville,54,18,8,16,10,2,0
24,13,56,50,Saint-SÇbastien,49,16,2,18,12,1,0
24,13,56,55,Saint-Alexandre,63,18,10,16,17,2,0
24,13,56,60,Sainte-Anne-de-Sabrevois,39,16,4,7,10,2,0
24,13,56,65,Saint-Blaise-sur-Richelieu,29,10,1,7,10,1,0
24,13,56,83,Saint-Jean-sur-Richelieu,116,61,16,13,24,1,1
24,13,56,97,Mont-Saint-GrÇgoire,80,37,10,10,18,5,0
24,13,56,105,Sainte-Brigide-d'Iberville,59,21,1,11,23,3,0
24,13,57,0,La VallÇe-du-Richelieu,402,218,33,61,67,23,0
24,13,57,10,Carignan,43,23,4,6,5,5,0
24,13,57,33,Saint-Jean-Baptiste,103,49,9,16,20,9,0
24,13,57,45,Saint-Mathieu-de-Beloeil,38,18,3,7,9,1,0
24,13,57,50,Saint-Marc-sur-Richelieu,50,30,5,6,8,1,0
24,13,57,57,Saint-Charles-sur-Richelieu,56,36,1,9,8,2,0
24,13,57,68,Saint-Denis-sur-Richelieu,67,33,6,11,12,5,0
24,13,57,75,Saint-Antoine-sur-Richelieu,45,29,5,6,5,0,0
24,13,58,0,Longueuil,57,31,4,3,12,5,2
24,13,58,227,Longueuil,57,31,4,3,12,5,2
24,13,59,0,Lajemmerais,184,107,19,12,32,14,0
24,13,59,15,Saint-Amable,42,20,5,2,12,3,0
24,13,59,20,Varennes,46,32,4,1,5,4,0
24,13,59,25,Verchäres,53,28,3,6,11,5,0
24,13,59,30,Calixa-LavallÇe,43,27,7,3,4,2,0
24,7,60,0,L'Assomption,168,91,8,25,35,8,1
24,7,60,13,Repentigny,22,15,0,4,3,0,0
24,7,60,20,Saint-Sulpice,16,5,1,1,7,2,0
24,7,60,28,L'Assomption,86,46,4,11,18,6,1
24,7,60,40,L'êpiphanie,44,25,3,9,7,0,0
24,7,61,0,Joliette,269,114,14,31,87,23,0
24,7,61,5,Saint-Paul,76,41,3,9,15,8,0
24,7,61,27,Saint-Thomas,62,17,3,12,24,6,0
24,7,61,40,Saint-Ambroise-de-Kildare,62,34,2,4,19,3,0
24,7,61,45,Notre-Dame-de-Lourdes,25,9,1,4,7,4,0
24,7,61,50,Sainte-MÇlanie,44,13,5,2,22,2,0
24,7,62,0,Matawinie,224,102,16,23,64,19,0
24,7,62,7,Saint-FÇlix-de-Valois,89,29,2,7,41,10,0
24,7,62,15,Saint-Jean-de-Matha,46,24,2,5,12,3,0
24,7,62,30,Sainte-Marcelline-de-Kildare,23,9,4,1,8,1,0
24,7,62,37,Rawdon,28,17,5,4,0,2,0
24,7,62,75,Saint-Damien,38,23,3,6,3,3,0
24,7,63,0,Montcalm,469,208,16,75,151,19,0
24,7,63,5,Sainte-Marie-SalomÇ,23,11,2,4,5,1,0
24,7,63,13,Saint-Jacques,62,31,1,12,17,1,0
24,7,63,25,Saint-Alexis,57,24,0,8,22,3,0
24,7,63,30,Saint-Esprit,69,27,4,8,28,2,0
24,7,63,35,Saint-Roch-de-l'Achigan,112,42,3,19,41,7,0
24,7,63,48,Saint-Lin--Laurentides,72,34,4,8,22,4,0
24,7,63,60,Sainte-Julienne,30,16,1,9,4,0,0
24,7,63,65,Saint-Liguori,44,23,1,7,12,1,0
24,7,64,0,Les Moulins,104,71,6,10,13,4,0
24,7,64,8,Terrebonne,41,28,1,5,6,1,0
24,7,64,15,Mascouche,63,43,5,5,7,3,0
24,6,65,0,Laval,152,81,17,18,26,10,0
24,6,65,5,Laval,152,81,17,18,26,10,0
24,6,66,0,MontrÇal,73,54,7,1,6,4,1
24,6,66,23,MontrÇal,73,54,7,1,6,4,1
24,13,67,0,Roussillon,197,105,15,23,46,8,0
24,13,67,5,Saint-Mathieu,26,17,1,1,6,1,0
24,13,67,10,Saint-Philippe,31,19,3,1,6,2,0
24,13,67,35,Saint-Constant,43,22,2,7,9,3,0
24,13,67,40,Saint-Isidore,43,17,1,5,18,2,0
24,13,67,45,Mercier,54,30,8,9,7,0,0
24,13,68,0,Les Jardins-de-Napierville,607,298,59,71,152,26,1
24,13,68,5,Saint-Bernard-de-Lacolle,62,36,7,7,10,2,0
24,13,68,15,Hemmingford,91,55,12,9,11,4,0
24,13,68,20,Sainte-Clotilde-de-ChÉteauguay,48,20,8,4,14,1,1
24,13,68,25,Saint-Patrice-de-Sherrington,78,36,9,11,20,2,0
24,13,68,35,Saint-Cyprien-de-Napierville,71,31,5,14,18,3,0
24,13,68,40,Saint-Jacques-le-Mineur,40,19,2,4,11,4,0
24,13,68,45,Saint-êdouard,41,13,4,4,17,3,0
24,13,68,50,Saint-Michel,65,26,3,9,24,3,0
24,13,68,55,Saint-RÇmi,111,62,9,9,27,4,0
24,13,69,0,Le Haut-Saint-Laurent,648,330,71,122,106,18,1
24,13,69,5,Havelock,52,35,8,6,3,0,0
24,13,69,10,Franklin,81,44,10,9,16,2,0
24,13,69,17,Saint-Chrysostome,75,44,4,12,13,2,0
24,13,69,30,Träs-Saint-Sacrement,74,34,6,18,14,2,0
24,13,69,37,Ormstown,87,43,9,21,9,4,1
24,13,69,45,Hinchinbrooke,72,36,6,19,8,3,0
24,13,69,50,Elgin,41,25,7,4,4,1,0
24,13,69,60,Godmanchester,67,34,11,10,11,1,0
24,13,69,65,Sainte-Barbe,21,8,2,4,5,2,0
24,13,69,70,Saint-Anicet,57,20,4,14,18,1,0
24,13,69,75,Dundee,21,7,4,5,5,0,0
24,13,70,0,Beauharnois-Salaberry,325,136,14,60,98,17,0
24,13,70,12,Sainte-Martine,111,51,6,24,27,3,0
24,13,70,22,Beauharnois,29,8,2,3,13,3,0
24,13,70,30,Saint-êtienne-de-Beauharnois,28,12,2,6,7,1,0
24,13,70,35,Saint-Louis-de-Gonzague,53,18,0,9,20,6,0
24,13,70,40,Saint-Stanislas-de-Kostka,40,15,2,11,12,0,0
24,13,70,52,Salaberry-de-Valleyfield,64,32,2,7,19,4,0
24,13,71,0,Vaudreuil-Soulanges,492,266,47,62,104,13,0
24,13,71,15,Saint-TÇlesphore,50,32,3,5,9,1,0
24,13,71,20,Saint-Polycarpe,64,24,5,10,24,1,0
24,13,71,40,Coteau-du-Lac,32,14,1,3,11,3,0
24,13,71,45,Saint-Clet,32,16,4,2,9,1,0
24,13,71,50,Les Cädres,54,28,6,9,11,0,0
24,13,71,83,Vaudreuil-Dorion,74,42,11,8,12,1,0
24,13,71,110,Sainte-Marthe,58,40,1,5,7,5,0
24,13,71,115,Sainte-Justine-de-Newton,48,28,6,7,7,0,0
24,13,71,125,Träs-Saint-RÇdempteur,21,12,2,5,2,0,0
24,13,71,133,Rigaud,59,30,8,8,12,1,0
24,9,72,0,Deux-Montagnes,304,171,25,53,40,15,0
24,9,72,5,Saint-Eustache,98,51,6,21,16,4,0
24,9,72,25,Saint-Joseph-du-Lac,103,60,9,15,14,5,0
24,9,72,32,Oka,59,33,5,12,5,4,0
24,9,72,43,Saint-Placide,44,27,5,5,5,2,0
24,9,73,0,ThÇräse-De Blainville,91,56,10,13,7,5,0
24,9,73,15,Blainville,26,17,3,2,2,2,0
24,9,73,35,Sainte-Anne-des-Plaines,65,39,7,11,5,3,0
24,9,74,0,Mirabel,373,181,42,91,47,12,0
24,9,74,5,Mirabel,373,181,42,91,47,12,0
24,9,75,0,La Riviäre-du-Nord,79,52,5,4,9,9,0
24,9,75,17,Saint-JÇrìme,43,28,3,2,5,5,0
24,9,75,28,Sainte-Sophie,36,24,2,2,4,4,0
24,9,76,0,Argenteuil,209,113,28,40,24,4,0
24,9,76,8,Saint-AndrÇ-d'Argenteuil,93,47,8,24,11,3,0
24,9,76,20,Lachute,24,11,5,3,5,0,0
24,9,76,43,Brownsburg-Chatham,58,32,11,8,6,1,0
24,9,76,52,Grenville-sur-la-Rouge,34,23,4,5,2,0,0
24,9,78,0,Les Laurentides,134,86,12,15,13,8,0
24,9,78,10,Val-David,16,8,2,0,3,3,0
24,9,78,55,Montcalm,16,10,0,1,5,0,0
24,9,78,75,BrÇbeuf,45,31,4,6,2,2,0
24,9,78,102,Mont-Tremblant,20,13,2,2,1,2,0
24,9,78,130,La Minerve,37,24,4,6,2,1,0
24,9,79,0,Antoine-Labelle,258,148,29,39,28,14,0
24,9,79,25,Kiamika,43,25,2,6,5,5,0
24,9,79,37,Riviäre-Rouge,42,30,4,0,5,3,0
24,9,79,88,Mont-Laurier,75,38,11,13,8,5,0
24,9,79,97,Ferme-Neuve,51,25,7,13,5,1,0
24,9,79,110,Mont-Saint-Michel,47,30,5,7,5,0,0
24,8,80,0,Papineau,283,181,31,43,19,9,0
24,8,80,15,Notre-Dame-de-Bonsecours,20,15,0,5,0,0,0
24,8,80,20,Notre-Dame-de-la-Paix,34,21,1,8,1,3,0
24,8,80,27,Saint-AndrÇ-Avellin,41,25,2,7,5,2,0
24,8,80,37,Papineauville,38,22,3,7,4,2,0
24,8,80,55,Lochaber,27,14,8,2,3,0,0
24,8,80,60,Lochaber-Partie-Ouest,24,13,2,7,1,1,0
24,8,80,65,Mayo,17,10,4,1,2,0,0
24,8,80,70,Saint-Sixte,16,13,1,2,0,0,0
24,8,80,78,Ripon,26,17,5,2,2,0,0
24,8,80,85,Mulgrave-et-Derry,20,15,3,0,1,1,0
24,8,80,95,Lac-Simon,20,16,2,2,0,0,0
24,8,81,0,Gatineau,90,71,8,4,4,3,0
24,8,81,17,Gatineau,90,71,8,4,4,3,0
24,8,82,0,Les Collines-de-l'Outaouais,307,239,43,15,4,6,0
24,8,82,5,L'Ange-Gardien,52,49,1,1,1,0,0
24,8,82,10,Notre-Dame-de-la-Salette,21,11,6,3,0,1,0
24,8,82,15,Val-des-Monts,41,33,3,3,0,2,0
24,8,82,20,Cantley,22,16,4,1,0,1,0
24,8,82,30,Pontiac,97,76,13,3,3,2,0
24,8,82,35,La Pàche,74,54,16,4,0,0,0
24,8,83,0,La VallÇe-de-la-Gatineau,208,136,29,23,15,5,0
24,8,83,10,Low,45,38,3,3,1,0,0
24,8,83,15,Kazabazua,17,11,1,0,5,0,0
24,8,83,20,Lac-Sainte-Marie,24,17,2,5,0,0,0
24,8,83,32,Gracefield,36,22,7,4,2,1,0
24,8,83,50,Bouchette,21,12,2,6,0,1,0
24,8,83,70,DÇlÇage,26,12,4,3,5,2,0
24,8,83,88,Montcerf-Lytton,39,24,10,2,2,1,0
24,8,84,0,Pontiac,329,232,54,23,18,2,0
24,8,84,5,Bristol,51,36,11,1,2,1,0
24,8,84,15,Clarendon,114,66,23,14,10,1,0
24,8,84,35,Grand-Calumet,31,23,6,2,0,0,0
24,8,84,40,Litchfield,36,29,6,0,1,0,0
24,8,84,65,Mansfield-et-Pontefract,32,25,3,2,2,0,0
24,8,84,82,L'Isle-aux-Allumettes,42,36,1,3,2,0,0
24,8,84,95,Sheenboro,23,17,4,1,1,0,0
24,10,85,0,TÇmiscamingue,284,120,29,67,52,15,1
24,10,85,15,Saint-êdouard-de-Fabre,17,3,0,7,4,3,0
24,10,85,20,BÇarn,32,13,4,5,6,3,1
24,10,85,30,Duhamel-Ouest,30,19,4,4,2,1,0
24,10,85,37,Lorrainville,25,13,3,4,4,1,0
24,10,85,45,Saint-Bruno-de-Guigues,49,21,5,13,9,1,0
24,10,85,50,Laverlochäre,19,8,3,3,3,2,0
24,10,85,55,Fugäreville,27,11,3,6,5,2,0
24,10,85,85,Saint-Eugäne-de-Guigues,19,4,2,4,8,1,0
24,10,85,90,Notre-Dame-du-Nord,22,9,4,2,7,0,0
24,10,85,100,NÇdÇlec,24,8,0,11,4,1,0
24,10,85,105,RÇmigny,20,11,1,8,0,0,0
24,10,86,0,Rouyn-Noranda,66,37,8,14,4,3,0
24,10,86,42,Rouyn-Noranda,66,37,8,14,4,3,0
24,10,87,0,Abitibi-Ouest,206,103,12,53,24,13,1
24,10,87,10,Rapide-Danseur,22,6,3,7,3,3,0
24,10,87,25,Palmarolle,31,12,2,7,8,2,0
24,10,87,30,Sainte-Germaine-BoulÇ,22,11,0,7,2,2,0
24,10,87,35,Poularies,17,10,1,4,1,0,1
24,10,87,42,Taschereau,24,13,1,8,0,2,0
24,10,87,58,Macamic,18,10,2,2,3,1,0
24,10,87,75,Clerval,22,12,0,4,5,1,0
24,10,87,80,La Reine,16,9,1,4,1,1,0
24,10,87,90,La Sarre,34,20,2,10,1,1,0
24,10,88,0,Abitibi,188,114,15,35,17,7,0
24,10,88,10,Rochebaucourt,25,18,2,1,4,0,0
24,10,88,22,Barraute,17,11,1,3,1,1,0
24,10,88,40,Saint-Marc-de-Figuery,18,10,1,4,3,0,0
24,10,88,45,La Motte,31,21,3,7,0,0,0
24,10,88,55,Amos,25,17,1,4,2,1,0
24,10,88,60,Saint-FÇlix-de-Dalquier,21,16,0,4,1,0,0
24,10,88,85,Sainte-Gertrude-Manneville,23,11,3,6,2,1,0
24,10,88,904,Lac-Chicobi,28,10,4,6,4,4,0
24,10,89,0,VallÇe-de-l'Or,41,21,6,7,5,2,0
24,10,89,8,Val-d'Or,41,21,6,7,5,2,0
24,4,90,0,La Tuque,19,15,0,1,3,0,0
24,4,90,12,La Tuque,19,15,0,1,3,0,0
24,2,91,0,Le Domaine-du-Roy,200,117,13,33,30,6,1
24,2,91,15,Saint-Franáois-de-Sales,20,12,3,3,2,0,0
24,2,91,20,Chambord,25,14,2,7,1,1,0
24,2,91,35,Saint-Prime,39,23,2,8,5,1,0
24,2,91,42,Saint-FÇlicien,71,40,5,8,13,4,1
24,2,91,50,La DorÇ,23,14,1,4,4,0,0
24,2,91,902,Lac-Ashuapmushuan,22,14,0,3,5,0,0
24,2,92,0,Maria-Chapdelaine,258,137,12,45,49,13,2
24,2,92,5,Saint-Augustin,18,11,1,3,2,1,0
24,2,92,15,Sainte-Jeanne-d'Arc,27,12,0,3,9,3,0
24,2,92,30,Albanel,46,26,3,10,7,0,0
24,2,92,40,Normandin,63,29,0,15,16,2,1
24,2,92,50,Saint-Edmond-les-Plaines,23,11,1,7,3,0,1
24,2,92,55,Girardville,19,10,3,2,1,3,0
24,2,92,65,Saint-Eugäne-d'Argentenay,31,19,1,4,5,2,0
24,2,92,902,Chute-des-Passes,31,19,3,1,6,2,0
24,2,93,0,Lac-Saint-Jean-Est,325,127,18,68,89,22,1
24,2,93,12,MÇtabetchouan--Lac-Ö-la-Croix,64,28,2,12,21,1,0
24,2,93,20,HÇbertville,63,27,1,13,19,3,0
24,2,93,30,Saint-Bruno,42,9,2,15,11,5,0
24,2,93,35,Saint-GÇdÇon,32,15,1,7,7,2,0
24,2,93,42,Alma,62,20,4,10,20,7,1
24,2,93,45,Saint-Nazaire,22,12,1,6,3,0,0
24,2,93,65,L'Ascension-de-Notre-Seigneur,20,9,3,3,2,3,0
24,2,93,70,Saint-Henri-de-Taillon,20,7,4,2,6,1,0
24,2,94,0,Le Saguenay-et-son-Fjord,324,160,26,51,68,19,0
24,2,94,68,Saguenay,179,76,10,33,49,11,0
24,2,94,205,Petit-Saguenay,21,13,2,4,2,0,0
24,2,94,235,Saint-Fulgence,32,21,4,3,3,1,0
24,2,94,240,Saint-HonorÇ,38,22,6,3,5,2,0
24,2,94,255,Saint-Ambroise,54,28,4,8,9,5,0
24,2,95,0,La Haute-Cìte-Nord,40,27,1,4,4,4,0
24,2,95,10,SacrÇ-Coeur,20,14,0,2,4,0,0
24,2,95,18,Les Bergeronnes,20,13,1,2,0,4,0
24,2,96,0,Manicouagan,37,20,5,2,3,5,2
24,2,96,20,Baie-Comeau,37,20,5,2,3,5,2
35,0,0,0,Ontario,"57,211","31,755","13,953","3,178","7,538",733,54
35,1,0,0,Southern Ontario Region - rÇgion du sud de l'Ontario,"18,665","9,462","4,431","1,007","3,483",268,14
35,2,0,0,Western Ontario Region - rÇgion de l'ouest de l'Ontario,"18,498","10,150","4,587","1,118","2,409",221,13
35,3,0,0,Central Ontario Region - rÇgion du centre de l'Ontario,"8,705","5,316","2,173",385,710,115,6
35,4,0,0,Eastern Ontario Region - rÇgion de l'est de l'Ontario,"8,864","5,261","2,163",564,770,93,13
35,5,0,0,Northern Ontario Region - rÇgion du nord de l'Ontario,"2,479","1,566",599,104,166,36,8
35,4,1,0,"Stormont, Dundas and Glengarry","1,811",975,425,167,225,18,1
35,4,1,5,South Glengarry,323,184,50,24,60,5,0
35,4,1,11,South Stormont,227,157,43,12,12,3,0
35,4,1,20,South Dundas,244,117,71,29,24,3,0
35,4,1,30,North Dundas,390,183,120,41,43,3,0
35,4,1,42,North Stormont,284,129,72,32,48,3,0
35,4,1,50,North Glengarry,343,205,69,29,38,1,1
35,4,2,0,Prescott and Russell,"1,052",542,201,115,181,12,1
35,4,2,1,East Hawkesbury,138,70,31,17,18,2,0
35,4,2,10,Champlain,115,65,27,7,16,0,0
35,4,2,23,Alfred and Plantagenet,196,116,32,15,26,6,1
35,4,2,25,The Nation / La Nation,323,144,58,39,79,3,0
35,4,2,36,Clarence-Rockland,141,82,27,16,16,0,0
35,4,2,48,Russell,139,65,26,21,26,1,0
35,4,6,0,Ottawa,"1,267",778,268,70,128,20,3
35,4,6,8,Ottawa,"1,267",778,268,70,128,20,3
35,4,7,0,Leeds and Grenville,"1,303",794,355,57,77,16,4
35,4,7,4,Edwardsburgh/Cardinal,129,74,32,8,14,1,0
35,4,7,6,Augusta,126,78,36,4,5,3,0
35,4,7,14,Elizabethtown-Kitley,230,143,63,10,11,3,0
35,4,7,17,Front of Yonge,44,30,11,2,0,0,1
35,4,7,21,Leeds and the Thousand Islands,232,145,62,11,12,2,0
35,4,7,40,Rideau Lakes,240,143,71,8,13,3,2
35,4,7,42,Athens,48,24,15,4,2,3,0
35,4,7,52,Merrickville-Wolford,81,46,25,1,9,0,0
35,4,7,65,North Grenville,173,111,40,9,11,1,1
35,4,9,0,Lanark,874,536,266,44,25,3,0
35,4,9,1,Montague,86,54,22,4,6,0,0
35,4,9,10,Drummond/North Elmsley,174,104,57,8,5,0,0
35,4,9,15,Tay Valley,141,81,45,11,4,0,0
35,4,9,24,Beckwith,81,51,26,4,0,0,0
35,4,9,30,Mississippi Mills,240,149,73,12,5,1,0
35,4,9,39,Lanark Highlands,152,97,43,5,5,2,0
35,4,10,0,Frontenac,672,425,162,38,38,7,2
35,4,10,5,Frontenac Islands,69,43,13,10,3,0,0
35,4,10,10,Kingston,197,116,54,9,13,3,2
35,4,10,20,South Frontenac,285,183,68,15,16,3,0
35,4,10,35,Central Frontenac,121,83,27,4,6,1,0
35,4,11,0,Lennox and Addington,617,394,155,22,40,5,1
35,4,11,5,Loyalist,126,80,30,3,10,2,1
35,4,11,15,Greater Napanee,229,139,59,13,17,1,0
35,4,11,30,Stone Mills,240,161,59,6,13,1,0
35,4,11,35,Addington Highlands,22,14,7,0,0,1,0
35,3,12,0,Hastings,"1,146",732,291,61,56,6,0
35,3,12,1,Tyendinaga,159,111,38,7,3,0,0
35,3,12,5,Belleville,122,74,34,8,6,0,0
35,3,12,15,Quinte West,240,146,58,14,18,4,0
35,3,12,20,Stirling-Rawdon,163,94,50,11,8,0,0
35,3,12,26,Centre Hastings,83,59,16,5,3,0,0
35,3,12,30,Tweed,145,91,39,8,7,0,0
35,3,12,36,Madoc,100,69,22,4,4,1,0
35,3,12,46,Marmora and Lake,37,26,6,2,3,0,0
35,3,12,61,Bancroft,37,21,13,0,3,0,0
35,3,12,65,Carlow/Mayo,23,16,5,0,1,1,0
35,3,12,76,Hastings Highlands,37,25,10,2,0,0,0
35,3,13,0,Prince Edward,520,280,153,31,45,11,0
35,3,13,20,Prince Edward,520,280,153,31,45,11,0
35,3,14,0,Northumberland,"1,031",613,282,55,68,12,1
35,3,14,4,Brighton,120,66,27,8,13,5,1
35,3,14,14,Cramahe,107,65,24,13,4,1,0
35,3,14,19,Hamilton,147,91,33,5,17,1,0
35,3,14,20,Port Hope,162,93,50,6,10,3,0
35,3,14,24,Alnwick/Haldimand,173,107,46,7,13,0,0
35,3,14,45,Trent Hills,322,191,102,16,11,2,0
35,3,15,0,Peterborough,"1,192",775,299,37,67,14,0
35,3,15,3,Asphodel-Norwood,153,95,38,9,9,2,0
35,3,15,5,Otonabee-South Monaghan,265,151,82,11,18,3,0
35,3,15,13,Cavan-Millbrook-North Monaghan,212,152,37,4,16,3,0
35,3,15,15,Smith-Ennismore-Lakefield,199,127,53,7,9,3,0
35,3,15,23,Douro-Dummer,229,160,53,6,8,2,0
35,3,15,30,Havelock-Belmont-Methuen,69,42,21,0,5,1,0
35,3,15,44,Galway-Cavendish and Harvey,65,48,15,0,2,0,0
35,3,16,0,Kawartha Lakes,"1,537","1,020",359,72,77,8,1
35,3,16,10,Kawartha Lakes,"1,537","1,020",359,72,77,8,1
35,3,18,0,Durham,"1,686",954,415,95,194,25,3
35,3,18,1,Pickering,56,33,9,4,10,0,0
35,3,18,9,Whitby,82,47,19,4,11,1,0
35,3,18,13,Oshawa,62,35,12,6,7,1,1
35,3,18,17,Clarington,437,238,124,20,47,7,1
35,3,18,20,Scugog,382,216,86,21,51,8,0
35,3,18,29,Uxbridge,338,190,86,15,43,4,0
35,3,18,39,Brock,329,195,79,25,25,4,1
35,3,19,0,York,972,530,213,25,173,30,1
35,3,19,28,Vaughan,140,72,33,1,31,3,0
35,3,19,36,Markham,64,42,9,1,9,3,0
35,3,19,38,Richmond Hill,27,14,4,0,5,4,0
35,3,19,44,Whitchurch-Stouffville,159,85,34,4,30,6,0
35,3,19,49,King,293,155,56,11,61,9,1
35,3,19,54,East Gwillimbury,143,79,33,5,23,3,0
35,3,19,70,Georgina,146,83,44,3,14,2,0
35,2,21,0,Peel,483,273,104,24,73,9,0
35,2,21,5,Mississauga,18,10,1,1,6,0,0
35,2,21,10,Brampton,76,34,14,3,25,0,0
35,2,21,24,Caledon,389,229,89,20,42,9,0
35,2,22,0,Dufferin,893,564,202,39,78,10,0
35,2,22,1,East Garafraxa,128,76,31,5,16,0,0
35,2,22,8,Amaranth,178,111,43,8,15,1,0
35,2,22,10,East Luther Grand Valley,94,49,24,8,11,2,0
35,2,22,12,Mono,166,111,31,5,15,4,0
35,2,22,16,Mulmur,146,98,36,4,8,0,0
35,2,22,19,Melancthon,181,119,37,9,13,3,0
35,2,23,0,Wellington,"2,588","1,274",741,204,337,24,8
35,2,23,1,Puslinch,175,106,38,7,18,5,1
35,2,23,9,Guelph/Eramosa,293,153,64,17,52,4,3
35,2,23,17,Erin,259,155,69,6,26,3,0
35,2,23,25,Centre Wellington,412,204,115,27,62,1,3
35,2,23,33,Mapleton,696,275,228,81,107,5,0
35,2,23,43,Minto,288,142,92,18,31,4,1
35,2,23,50,Wellington North,465,239,135,48,41,2,0
35,2,24,0,Halton,566,335,117,18,77,19,0
35,2,24,1,Oakville,21,9,6,2,2,2,0
35,2,24,2,Burlington,79,50,17,1,11,0,0
35,2,24,9,Milton,260,142,51,10,44,13,0
35,2,24,15,Halton Hills,206,134,43,5,20,4,0
35,1,25,0,Hamilton,975,512,253,41,158,11,0
35,1,25,5,Hamilton,975,512,253,41,158,11,0
35,1,26,0,Niagara,"2,236","1,146",526,104,402,55,3
35,1,26,3,Fort Erie,86,64,13,2,7,0,0
35,1,26,11,Port Colborne,71,37,19,3,10,2,0
35,1,26,14,Wainfleet,210,123,42,15,28,2,0
35,1,26,21,West Lincoln,431,215,129,20,60,7,0
35,1,26,28,Pelham,203,98,55,8,37,5,0
35,1,26,32,Welland,23,18,3,0,2,0,0
35,1,26,37,Thorold,49,27,13,0,9,0,0
35,1,26,43,Niagara Falls,79,50,14,2,11,2,0
35,1,26,47,Niagara-on-the-Lake,380,176,81,19,92,12,0
35,1,26,53,St. Catharines,103,46,19,7,27,4,0
35,1,26,57,Lincoln,483,234,108,25,95,18,3
35,1,26,65,Grimsby,118,58,30,3,24,3,0
35,1,28,0,Haldimand-Norfolk,"2,415","1,076",595,159,539,44,2
35,1,28,18,Haldimand County,890,490,227,53,112,8,0
35,1,28,52,Norfolk County,"1,525",586,368,106,427,36,2
35,1,29,0,Brant,818,415,182,54,153,13,1
35,1,29,5,Brant,818,415,182,54,153,13,1
35,2,30,0,Waterloo,"1,444",693,370,97,250,34,0
35,2,30,4,North Dumfries,117,51,26,4,33,3,0
35,2,30,10,Cambridge,31,23,6,0,1,1,0
35,2,30,13,Kitchener,35,17,5,1,10,2,0
35,2,30,20,Wilmot,247,103,56,11,66,11,0
35,2,30,27,Wellesley,518,279,137,38,58,6,0
35,2,30,35,Woolwich,496,220,140,43,82,11,0
35,2,31,0,Perth,"2,438","1,085",613,231,492,17,0
35,2,31,13,Perth South,394,174,102,21,91,6,0
35,2,31,25,West Perth,582,276,134,45,125,2,0
35,2,31,30,Perth East,898,397,238,90,171,2,0
35,2,31,40,North Perth,564,238,139,75,105,7,0
35,1,32,0,Oxford,"1,990",785,489,170,526,19,1
35,1,32,2,Norwich,494,182,146,39,120,7,0
35,1,32,12,South-West Oxford,341,129,73,34,101,4,0
35,1,32,27,Zorra,532,202,128,49,149,4,0
35,1,32,38,East Zorra-Tavistock,301,113,74,26,87,0,1
35,1,32,45,Blandford-Blenheim,322,159,68,22,69,4,0
35,1,34,0,Elgin,"1,489",664,435,89,284,17,0
35,1,34,5,Bayham,212,88,67,15,40,2,0
35,1,34,10,Malahide,405,156,119,25,97,8,0
35,1,34,20,Central Elgin,219,95,56,20,47,1,0
35,1,34,24,Southwold,229,112,66,8,40,3,0
35,1,34,30,Dutton/Dunwich,185,99,50,9,25,2,0
35,1,34,42,West Elgin,239,114,77,12,35,1,0
35,1,36,0,Chatham-Kent,"2,196","1,213",514,91,350,26,2
35,1,36,20,Chatham-Kent,"2,196","1,213",514,91,350,26,2
35,1,37,0,Essex,"1,740","1,008",341,62,292,34,3
35,1,37,3,Leamington,351,153,59,19,107,13,0
35,1,37,13,Kingsville,342,175,74,16,66,11,0
35,1,37,16,Essex,264,177,57,8,21,1,0
35,1,37,28,Amherstburg,162,105,36,5,15,1,0
35,1,37,34,LaSalle,58,41,9,1,7,0,0
35,1,37,48,Tecumseh,75,48,14,2,11,0,0
35,1,37,64,Lakeshore,488,309,92,11,65,8,3
35,1,38,0,Lambton,"2,281","1,397",482,94,287,21,0
35,1,38,3,St. Clair,515,359,91,11,49,5,0
35,1,38,7,Dawn-Euphemia,320,206,73,12,22,7,0
35,1,38,15,Brooke-Alvinston,247,148,54,10,35,0,0
35,1,38,16,Enniskillen,336,215,73,14,31,3,0
35,1,38,30,Sarnia,88,51,22,2,11,2,0
35,1,38,35,Plympton-Wyoming,295,170,60,23,41,1,0
35,1,38,40,Lambton Shores,234,129,50,10,44,1,0
35,1,38,43,Warwick,246,119,59,12,54,2,0
35,1,39,0,Middlesex,"2,525","1,246",614,143,492,28,2
35,1,39,5,Southwest Middlesex,327,187,79,19,42,0,0
35,1,39,15,Strathroy-Caradoc,272,124,81,15,46,5,1
35,1,39,27,Thames Centre,418,198,106,24,83,7,0
35,1,39,33,Middlesex Centre,522,252,135,34,97,3,1
35,1,39,36,London,160,84,29,9,34,4,0
35,1,39,41,North Middlesex,413,203,79,23,104,4,0
35,1,39,47,Adelaide Metcalfe,267,125,73,12,53,4,0
35,1,39,60,Lucan Biddulph,146,73,32,7,33,1,0
35,2,40,0,Huron,"2,738","1,456",599,167,485,30,1
35,2,40,5,South Huron,307,166,50,14,71,5,1
35,2,40,10,Bluewater,272,153,46,17,53,3,0
35,2,40,25,Central Huron,395,194,104,23,72,2,0
35,2,40,40,Huron East,554,271,114,40,125,4,0
35,2,40,46,Howick,323,175,80,24,40,4,0
35,2,40,50,Morris-Turnberry,319,174,74,17,47,7,0
35,2,40,55,North Huron,146,79,38,11,17,1,0
35,2,40,63,Ashfield-Colborne-Wawanosh,422,244,93,21,60,4,0
35,2,41,0,Bruce,"2,259","1,328",584,120,209,17,1
35,2,41,4,South Bruce,476,244,147,36,46,3,0
35,2,41,15,Huron-Kinloss,329,192,82,15,39,1,0
35,2,41,24,Kincardine,332,191,84,15,32,9,1
35,2,41,32,Brockton,436,260,109,23,43,1,0
35,2,41,43,Arran-Elderslie,355,221,90,19,24,1,0
35,2,41,45,Saugeen Shores,99,58,27,4,10,0,0
35,2,41,55,South Bruce Peninsula,147,100,27,7,11,2,0
35,2,41,69,Northern Bruce Peninsula,85,62,18,1,4,0,0
35,2,42,0,Grey,"2,687","1,647",716,130,161,30,3
35,2,42,4,West Grey,604,342,186,38,29,9,0
35,2,42,5,Southgate,454,257,137,30,26,3,1
35,2,42,15,Grey Highlands,507,324,130,23,25,4,1
35,2,42,37,Chatsworth,375,250,78,13,34,0,0
35,2,42,45,Blue Mountains,140,84,34,4,14,3,1
35,2,42,47,Meaford,316,206,70,8,24,8,0
35,2,42,53,Georgian Bluffs,291,184,81,14,9,3,0
35,2,43,0,Simcoe,"2,402","1,495",541,88,247,31,0
35,2,43,3,Adjala-Tosorontio,201,124,34,8,32,3,0
35,2,43,5,Clearview,343,222,73,16,30,2,0
35,2,43,7,New Tecumseth,155,92,29,2,26,6,0
35,2,43,9,Springwater,286,168,77,14,24,3,0
35,2,43,14,Bradford West Gwillimbury,164,74,32,6,45,7,0
35,2,43,15,Severn,178,119,42,7,8,2,0
35,2,43,17,Innisfil,146,86,39,6,14,1,0
35,2,43,19,Ramara,179,131,36,2,10,0,0
35,2,43,21,Essa,188,99,49,4,33,3,0
35,2,43,23,Oro-Medonte,352,248,74,14,13,3,0
35,2,43,68,Tiny,127,79,32,6,9,1,0
35,2,43,71,Tay,83,53,24,3,3,0,0
35,3,44,0,Muskoka,199,126,50,3,15,5,0
35,3,44,2,Gravenhurst,43,30,9,0,3,1,0
35,3,44,18,Bracebridge,49,31,14,2,1,1,0
35,3,44,42,Huntsville,49,30,13,1,4,1,0
35,3,44,53,Muskoka Lakes,58,35,14,0,7,2,0
35,3,46,0,Haliburton,84,52,25,3,1,3,0
35,3,46,5,Highlands East,37,22,10,2,1,2,0
35,3,46,15,Minden Hills,47,30,15,1,0,1,0
35,4,47,0,Renfrew,"1,268",817,331,51,56,12,1
35,4,47,3,McNab/Braeside,147,92,43,5,5,2,0
35,4,47,8,Greater Madawaska,31,22,7,0,2,0,0
35,4,47,20,"Brudenell, Lyndoch and Raglan",63,42,14,1,3,3,0
35,4,47,30,Madawaska Valley,26,22,1,1,1,0,1
35,4,47,33,"Killaloe, Hagarty and Richards",45,35,8,1,1,0,0
35,4,47,35,Bonnechere Valley,103,71,22,5,4,1,0
35,4,47,43,Admaston/Bromley,196,109,58,10,17,2,0
35,4,47,46,Horton,77,51,22,0,3,1,0
35,4,47,56,Whitewater Region,296,180,89,17,8,2,0
35,4,47,70,North Algona Wilberforce,95,67,24,2,1,1,0
35,4,47,75,Laurentian Valley,162,110,37,7,8,0,0
35,4,47,90,Laurentian Hills,27,16,6,2,3,0,0
35,5,48,0,Nipissing,272,167,78,15,7,5,0
35,5,48,22,Calvin,38,22,13,0,1,2,0
35,5,48,27,Bonfield,33,20,12,1,0,0,0
35,5,48,31,Chisholm,49,35,13,1,0,0,0
35,5,48,34,East Ferris,28,22,4,0,2,0,0
35,5,48,55,West Nipissing / Nipissing Ouest,124,68,36,13,4,3,0
35,3,49,0,Parry Sound,338,234,86,3,14,1,0
35,3,49,3,Seguin,21,17,2,0,1,1,0
35,3,49,19,Armour,31,22,7,0,2,0,0
35,3,49,24,Ryerson,20,13,7,0,0,0,0
35,3,49,28,McKellar,24,13,10,0,1,0,0
35,3,49,39,Whitestone,19,16,3,0,0,0,0
35,3,49,43,Magnetawan,30,21,8,0,1,0,0
35,3,49,46,Strong,34,25,7,0,2,0,0
35,3,49,54,Machar,20,11,8,1,0,0,0
35,3,49,60,Powassan,57,32,21,2,2,0,0
35,3,49,71,Nipissing,42,34,4,0,4,0,0
35,3,49,96,"Parry Sound, Unorganized, Centre Part",40,30,9,0,1,0,0
35,5,51,0,Manitoulin,258,186,50,13,6,1,2
35,5,51,17,Northeastern Manitoulin and the Islands,215,159,42,8,5,1,0
35,5,51,24,Gordon,43,27,8,5,1,0,2
35,5,52,0,Sudbury,143,94,31,4,12,2,0
35,5,52,1,French River / Riviäre des Franáais,29,22,4,0,3,0,0
35,5,52,4,St.-Charles,26,17,6,1,2,0,0
35,5,52,13,Markstay-Warren,39,23,10,2,2,2,0
35,5,52,23,Sables-Spanish Rivers,49,32,11,1,5,0,0
35,5,53,0,Greater Sudbury / Grand Sudbury,160,108,34,0,14,4,0
35,5,53,5,Greater Sudbury / Grand Sudbury,160,108,34,0,14,4,0
35,5,54,0,Timiskaming,471,267,133,21,43,5,2
35,5,54,14,Harris,24,18,4,1,1,0,0
35,5,54,20,Temiskaming Shores,55,33,16,0,5,0,1
35,5,54,21,Hudson,22,10,9,1,2,0,0
35,5,54,24,Kerns,43,24,10,3,6,0,0
35,5,54,26,Harley,30,17,10,1,2,0,0
35,5,54,29,Casey,28,19,2,2,5,0,0
35,5,54,32,Brethour,20,10,7,1,1,1,0
35,5,54,34,Hilliard,24,13,7,1,3,0,0
35,5,54,36,Armstrong,36,16,11,1,7,1,0
35,5,54,44,Charlton and Dack,29,13,14,2,0,0,0
35,5,54,49,Evanturel,28,14,9,1,4,0,0
35,5,54,54,Chamberlain,29,21,3,3,2,0,0
35,5,54,94,"Timiskaming, Unorganized, West Part",103,59,31,4,5,3,1
35,5,56,0,Cochrane,184,132,32,7,7,5,1
35,5,56,27,Timmins,31,18,10,1,2,0,0
35,5,56,92,"Cochrane, Unorganized, North Part",153,114,22,6,5,5,1
35,5,57,0,Algoma,335,216,76,15,23,4,1
35,5,57,8,St. Joseph,61,41,12,1,6,1,0
35,5,57,11,Laird,33,15,10,2,6,0,0
35,5,57,16,Johnson,39,24,9,3,2,1,0
35,5,57,19,Plummer Additional,29,19,7,3,0,0,0
35,5,57,35,Huron Shores,61,40,14,5,1,0,1
35,5,57,51,"Macdonald, Meredith and Aberdeen Additional",26,16,8,0,2,0,0
35,5,57,61,Sault Ste. Marie,35,25,6,0,3,1,0
35,5,57,95,"Algoma, Unorganized, North Part",51,36,10,1,3,1,0
35,5,58,0,Thunder Bay,252,138,58,18,34,3,1
35,5,58,1,Neebing,29,18,5,3,3,0,0
35,5,58,4,Thunder Bay,25,14,5,0,6,0,0
35,5,58,11,Oliver Paipoonge,109,53,23,11,21,1,0
35,5,58,16,O'Connor,22,12,6,1,2,0,1
35,5,58,90,"Thunder Bay, Unorganized",67,41,19,3,2,2,0
35,5,59,0,Rainy River,312,207,81,8,10,5,1
35,5,59,11,Alberton,25,19,6,0,0,0,0
35,5,59,16,La Vallee,40,25,13,1,1,0,0
35,5,59,19,Emo,43,30,10,1,2,0,0
35,5,59,24,Chapple,67,47,18,0,0,1,1
35,5,59,31,Morley,49,30,11,4,3,1,0
35,5,59,40,Dawson,47,26,16,0,4,1,0
35,5,59,90,"Rainy River, Unorganized",41,30,7,2,0,2,0
35,5,60,0,Kenora,92,51,26,3,10,2,0
35,5,60,90,"Kenora, Unorganized",92,51,26,3,10,2,0
46,0,0,0,Manitoba,"19,054","10,866","4,747",720,"2,301",361,59
46,1,0,0,Agricultural Region 1 - rÇgion agricole 1,"1,385",785,323,63,194,19,1
46,2,0,0,Agricultural Region 2 - rÇgion agricole 2,"1,945","1,105",450,102,252,30,6
46,3,0,0,Agricultural Region 3 - rÇgion agricole 3,"1,764","1,024",451,94,174,18,3
46,4,0,0,Agricultural Region 4 - rÇgion agricole 4,818,424,261,31,86,15,1
46,5,0,0,Agricultural Region 5 - rÇgion agricole 5,798,543,147,16,83,8,1
46,6,0,0,Agricultural Region 6 - rÇgion agricole 6,"1,639","1,026",403,68,120,19,3
46,7,0,0,Agricultural Region 7 - rÇgion agricole 7,"2,196","1,185",524,74,346,51,16
46,8,0,0,Agricultural Region 8 - rÇgion agricole 8,"2,760","1,522",680,68,428,58,4
46,9,0,0,Agricultural Region 9 - rÇgion agricole 9,"2,302","1,172",587,104,347,88,4
46,10,0,0,Agricultural Region 10 - rÇgion agricole 10,602,364,162,24,35,12,5
46,11,0,0,Agricultural Region 11 - rÇgion agricole 11,"1,244",767,298,27,120,23,9
46,12,0,0,Agricultural Region 12 - rÇgion agricole 12,"1,601",949,461,49,116,20,6
46,10,1,0,Division No.  1,602,364,162,24,35,12,5
46,10,1,35,Stuartburn,191,110,58,6,11,4,2
46,10,1,39,Piney,92,62,21,3,3,3,0
46,10,1,43,Reynolds,64,39,23,0,2,0,0
46,10,1,46,Whitemouth,117,62,35,10,8,1,1
46,10,1,57,Lac du Bonnet,80,56,13,3,3,3,2
46,10,1,71,Alexander,58,35,12,2,8,1,0
46,9,2,0,Division No.  2,"1,493",642,417,88,270,73,3
46,9,2,25,Franklin,191,97,59,12,19,3,1
46,9,2,32,De Salaberry,194,91,38,9,41,14,1
46,9,2,41,Hanover,488,171,154,34,102,27,0
46,9,2,53,La Broquerie,157,71,35,8,22,21,0
46,9,2,57,Ste. Anne,156,56,55,11,32,2,0
46,9,2,69,TachÇ,197,101,50,12,29,5,0
46,9,2,75,Ritchot,110,55,26,2,25,1,1
46,8,3,0,Division No.  3,"1,659",884,409,36,295,33,2
46,8,3,30,Montcalm,97,35,24,5,31,2,0
46,8,3,36,Rhineland,368,176,101,7,71,13,0
46,8,3,47,Stanley,415,251,86,7,64,5,2
46,8,3,58,Thompson,133,80,27,3,20,3,0
46,8,3,62,Roland,108,54,24,1,29,0,0
46,8,3,65,Morris,260,130,73,6,46,5,0
46,8,3,72,Dufferin,278,158,74,7,34,5,0
46,8,4,0,Division No.  4,"1,101",638,271,32,133,25,2
46,8,4,33,Pembina,274,166,54,8,39,7,0
46,8,4,39,Louise,211,114,58,1,32,5,1
46,8,4,51,Roblin,155,100,38,2,11,4,0
46,8,4,57,Argyle,176,98,54,9,13,1,1
46,8,4,63,Lorne,285,160,67,12,38,8,0
46,1,5,0,Division No.  5,"1,385",785,323,63,194,19,1
46,1,5,24,Turtle Mountain,175,88,39,10,36,2,0
46,1,5,31,Morton,171,88,39,10,28,5,1
46,1,5,37,Winchester,135,74,28,9,24,0,0
46,1,5,43,Brenda,132,66,41,7,16,2,0
46,1,5,50,Arthur,147,89,32,5,19,2,0
46,1,5,55,Edward,116,82,19,2,11,2,0
46,1,5,58,Albert,112,73,23,5,10,1,0
46,1,5,61,Cameron,115,61,33,2,17,2,0
46,1,5,67,Whitewater,99,54,22,6,16,1,0
46,1,5,70,Riverside,85,50,23,1,11,0,0
46,1,5,76,Strathcona,98,60,24,6,6,2,0
46,2,6,0,Division No.  6,798,451,203,41,92,10,1
46,2,6,15,Sifton,143,82,40,6,12,3,0
46,2,6,23,Pipestone,194,107,47,9,30,1,0
46,2,6,28,Wallace,272,160,71,14,25,2,0
46,2,6,37,Woodworth,189,102,45,12,25,4,1
46,2,7,0,Division No.  7,"1,147",654,247,61,160,20,5
46,2,7,38,South Cypress,124,70,27,7,17,1,2
46,2,7,45,Oakland,156,103,33,10,8,1,1
46,2,7,51,Glenwood,117,72,26,2,17,0,0
46,2,7,57,Whitehead,129,81,25,6,12,5,0
46,2,7,65,North Cypress,212,99,43,15,46,8,1
46,2,7,71,Elton,288,160,61,14,47,5,1
46,2,7,75,Daly,121,69,32,7,13,0,0
46,7,8,0,Division No.  8,"1,157",656,306,34,135,18,8
46,7,8,31,South Norfolk,187,114,38,4,23,7,1
46,7,8,42,Victoria,134,71,45,3,13,2,0
46,7,8,45,North Norfolk,315,185,78,8,37,3,4
46,7,8,54,Lansdowne,138,70,49,5,13,1,0
46,7,8,59,Westbourne,242,127,63,11,37,2,2
46,7,8,66,Lakeview,49,32,7,2,6,1,1
46,7,8,72,Glenella,92,57,26,1,6,2,0
46,7,9,0,Division No.  9,637,350,127,22,113,20,5
46,7,9,17,Grey,240,118,57,16,44,5,0
46,7,9,24,Portage la Prairie,397,232,70,6,69,15,5
46,7,10,0,Division No. 10,402,179,91,18,98,13,3
46,7,10,35,Macdonald,264,115,67,11,63,7,1
46,7,10,43,Cartier,94,43,12,6,27,4,2
46,7,10,52,St. Franáois Xavier,44,21,12,1,8,2,0
46,9,11,0,Division No. 11,201,140,29,3,23,6,0
46,9,11,40,Winnipeg,155,109,23,2,15,6,0
46,9,11,42,Headingley,46,31,6,1,8,0,0
46,9,12,0,Division No. 12,608,390,141,13,54,9,1
46,9,12,47,Springfield,351,222,83,7,31,7,1
46,9,12,54,Brokenhead,257,168,58,6,23,2,0
46,11,13,0,Division No. 13,476,293,111,14,45,9,4
46,11,13,32,East St. Paul,16,11,3,0,2,0,0
46,11,13,37,West St. Paul,26,16,5,0,5,0,0
46,11,13,43,St. Andrews,218,128,50,7,27,5,1
46,11,13,56,St. Clements,216,138,53,7,11,4,3
46,11,14,0,Division No. 14,768,474,187,13,75,14,5
46,11,14,15,Rosser,96,45,28,2,17,2,2
46,11,14,31,Woodlands,274,171,72,4,21,4,2
46,11,14,36,Rockwood,398,258,87,7,37,8,1
46,3,15,0,Division No. 15,"1,764","1,024",451,94,174,18,3
46,3,15,18,Langford,116,66,26,6,14,3,1
46,3,15,23,Odanah,88,58,20,1,8,1,0
46,3,15,27,Saskatchewan,138,81,37,5,15,0,0
46,3,15,33,Blanshard,104,55,24,6,17,2,0
46,3,15,36,Hamiota,124,78,31,8,7,0,0
46,3,15,41,Miniota,147,89,40,9,9,0,0
46,3,15,46,Archie,77,35,19,9,12,1,1
46,3,15,48,Ellice,60,26,16,5,12,0,1
46,3,15,55,Birtle,153,91,28,15,18,1,0
46,3,15,60,Shoal Lake,86,50,22,3,10,1,0
46,3,15,64,Strathclair,99,49,33,10,6,1,0
46,3,15,69,Harrison,95,54,29,3,8,1,0
46,3,15,73,Minto,117,69,34,4,10,0,0
46,3,15,78,Rosedale,189,104,55,8,18,4,0
46,3,15,91,Clanwilliam,76,52,16,1,5,2,0
46,3,15,95,Park (South),95,67,21,1,5,1,0
46,4,16,0,Division No. 16,818,424,261,31,86,15,1
46,4,16,2,Rossburn,134,67,55,4,8,0,0
46,4,16,19,Silver Creek,89,39,32,3,12,3,0
46,4,16,24,Russell,99,47,29,4,18,1,0
46,4,16,38,Shellmouth-Boulton,186,105,48,12,18,3,0
46,4,16,45,Hillsburg,113,53,44,2,10,3,1
46,4,16,49,Shell River,161,94,44,5,17,1,0
46,4,16,63,Park (North),36,19,9,1,3,4,0
46,6,17,0,Division No. 17,"1,639","1,026",403,68,120,19,3
46,6,17,26,Alonsa,227,134,66,8,14,3,2
46,6,17,34,McCreary,119,78,31,2,5,3,0
46,6,17,40,Ste. Rose,109,65,18,7,18,1,0
46,6,17,45,Ochre River,112,65,27,4,16,0,0
46,6,17,48,Dauphin,325,198,81,18,21,6,1
46,6,17,53,Gilbert Plains,189,133,38,6,12,0,0
46,6,17,57,Grandview,190,123,49,7,11,0,0
46,6,17,63,Ethelbert,118,81,24,2,6,5,0
46,6,17,71,Mossey River,129,77,43,4,5,0,0
46,6,17,76,Lawrence,121,72,26,10,12,1,0
46,12,18,0,Division No. 18,"1,382",814,409,42,94,19,4
46,12,18,31,Gimli,67,35,25,1,5,1,0
46,12,18,37,Armstrong,231,147,67,4,7,5,1
46,12,18,40,St. Laurent,56,26,23,1,6,0,0
46,12,18,44,Coldwell,116,60,43,3,7,3,0
46,12,18,52,Eriksdale,95,55,33,3,4,0,0
46,12,18,57,Siglunes,115,76,28,4,4,2,1
46,12,18,60,Grahamdale,183,96,67,8,9,2,1
46,12,18,68,Fisher,227,151,50,7,15,4,0
46,12,18,71,Bifrost,292,168,73,11,37,2,1
46,12,19,0,Division No. 19,110,66,27,5,12,0,0
46,12,19,45,"Division No. 19, Unorganized",110,66,27,5,12,0,0
46,5,20,0,Division No. 20,798,543,147,16,83,8,1
46,5,20,32,Mountain (South),106,80,16,3,5,2,0
46,5,20,37,Minitonas,200,130,39,1,30,0,0
46,5,20,41,Swan River,419,278,78,11,46,6,0
46,5,20,55,Mountain (North),73,55,14,1,2,0,1
46,12,21,0,Division No. 21,109,69,25,2,10,1,2
46,12,21,78,"Division No. 21, Unorganized",109,69,25,2,10,1,2
47,0,0,0,Saskatchewan,"44,329","28,860","8,401",980,"5,380",525,183
47,10,0,0,Agricultural Region 1A - rÇgion agricole 1A,"1,823","1,217",362,37,196,7,4
47,11,0,0,Agricultural Region 1B - rÇgion agricole 1B,"1,743","1,149",351,67,161,13,2
47,20,0,0,Agricultural Region 2A - rÇgion agricole 2A,"1,324",860,219,24,203,11,7
47,21,0,0,Agricultural Region 2B - rÇgion agricole 2B,"2,460","1,552",522,52,307,20,7
47,30,0,0,Agricultural Region 3AN - rÇgion agricole 3AN,"1,086",712,219,19,116,14,6
47,31,0,0,Agricultural Region 3AS - rÇgion agricole 3AS,"2,043","1,310",399,37,264,25,8
47,32,0,0,Agricultural Region 3BN - rÇgion agricole 3BN,"2,246","1,345",401,57,395,34,14
47,33,0,0,Agricultural Region 3BS - rÇgion agricole 3BS,"1,212",722,204,29,230,18,9
47,40,0,0,Agricultural Region 4A - rÇgion agricole 4A,971,520,205,23,181,33,9
47,41,0,0,Agricultural Region 4B - rÇgion agricole 4B,"1,003",557,187,25,212,16,6
47,50,0,0,Agricultural Region 5A - rÇgion agricole 5A,"3,449","2,519",640,47,207,31,5
47,51,0,0,Agricultural Region 5B - rÇgion agricole 5B,"3,572","2,524",672,62,262,37,15
47,60,0,0,Agricultural Region 6A - rÇgion agricole 6A,"3,133","2,072",619,81,323,30,8
47,61,0,0,Agricultural Region 6B - rÇgion agricole 6B,"3,207","1,998",676,87,384,47,15
47,70,0,0,Agricultural Region 7A - rÇgion agricole 7A,"1,704",940,292,36,397,31,8
47,71,0,0,Agricultural Region 7B - rÇgion agricole 7B,"1,740","1,105",244,28,317,36,10
47,80,0,0,Agricultural Region 8A - rÇgion agricole 8A,"2,444","1,616",463,65,269,20,11
47,81,0,0,Agricultural Region 8B - rÇgion agricole 8B,"2,374","1,608",400,72,273,17,4
47,90,0,0,Agricultural Region 9A - rÇgion agricole 9A,"3,953","2,755",766,82,284,44,22
47,91,0,0,Agricultural Region 9B - rÇgion agricole 9B,"2,842","1,779",560,50,399,41,13
47,0,1,0,Division No.  1,"2,287","1,513",452,59,245,15,3
47,10,1,1,Argyle No. 1,100,70,16,0,14,0,0
47,10,1,6,Mount Pleasant No. 2,133,99,23,1,9,0,1
47,10,1,11,Enniskillen No. 3,139,99,25,4,11,0,0
47,10,1,16,Coalfields No. 4,99,67,21,1,9,0,1
47,10,1,22,Estevan No. 5,154,106,27,5,15,1,0
47,10,1,27,Benson No. 35,114,87,16,0,11,0,0
47,10,1,31,Browning No. 34,123,77,24,1,19,2,0
47,10,1,36,Moose Creek No. 33,129,91,24,3,10,1,0
47,10,1,39,Reciprocity No. 32,120,83,26,3,7,1,0
47,10,1,43,Storthoaks No. 31,91,56,16,7,12,0,0
47,10,1,47,Antler No. 61,144,88,34,3,19,0,0
47,10,1,53,Moose Mountain No. 63,161,98,38,3,21,1,0
47,10,1,58,Brock No. 64,108,68,23,4,13,0,0
47,10,1,63,Tecumseh No. 65,127,81,27,1,17,0,1
47,11,1,69,Golden West No. 95,106,66,20,5,12,3,0
47,11,1,72,Hazelwood No. 94,88,54,22,3,8,1,0
47,11,1,76,Wawken No. 93,127,78,28,3,16,2,0
47,11,1,91,Walpole No. 92,114,70,22,7,14,1,0
47,11,1,94,Maryfield No. 91,110,75,20,5,8,2,0
47,0,2,0,Division No.  2,"2,255","1,423",393,39,358,30,12
47,10,2,1,Cambria No. 6,81,47,22,1,9,1,1
47,31,2,6,Souris Valley No. 7,105,52,18,5,30,0,0
47,31,2,11,Lake Alma No. 8,92,54,16,1,18,3,0
47,31,2,14,Surprise Valley No. 9,89,52,18,4,13,2,0
47,31,2,18,Happy Valley No. 10,58,38,10,0,7,3,0
47,31,2,24,Bengough No. 40,144,111,22,1,7,3,0
47,31,2,26,The Gap No. 39,109,55,22,2,24,4,2
47,31,2,29,Laurier No. 38,107,51,16,1,38,0,1
47,20,2,33,Lomond No. 37,102,57,18,1,23,1,2
47,20,2,37,Cymri No. 36,117,79,19,2,15,1,1
47,20,2,42,Griffin No. 66,121,82,19,1,17,2,0
47,20,2,44,Weyburn No. 67,197,133,27,3,31,3,0
47,20,2,51,Brokenshell No. 68,100,58,16,1,21,2,2
47,20,2,52,Norton No. 69,116,78,25,2,11,0,0
47,31,2,57,Key West No. 70,146,103,30,0,9,3,1
47,20,2,61,Elmsthorpe No. 100,103,71,15,4,10,2,1
47,20,2,66,Caledonia No. 99,101,60,24,2,15,0,0
47,20,2,69,Scott No. 98,107,62,12,2,31,0,0
47,20,2,73,Wellington No. 97,121,82,21,2,15,0,1
47,20,2,76,Fillmore No. 96,139,98,23,4,14,0,0
47,0,3,0,Division No.  3,"2,240","1,441",439,47,289,19,5
47,31,3,1,Hart Butte No. 11,107,82,15,1,9,0,0
47,31,3,6,Poplar Valley No. 12,93,61,17,2,11,2,0
47,31,3,11,Old Post No. 43,159,102,43,3,9,0,2
47,33,3,16,Glen McPherson No. 46,50,32,4,2,12,0,0
47,33,3,18,Mankota No. 45,138,76,36,1,23,1,1
47,31,3,22,Waverley No. 44,129,78,42,0,8,0,1
47,31,3,26,Willow Bunch No. 42,142,100,23,1,18,0,0
47,31,3,29,Excel No. 71,146,105,26,1,10,3,1
47,31,3,34,Lake of the Rivers No. 72,116,74,24,2,16,0,0
47,31,3,38,Stonehenge No. 73,162,105,25,9,22,1,0
47,31,3,42,Wood River No. 74,139,87,32,4,15,1,0
47,33,3,48,Pinto Creek No. 75,101,63,18,2,17,1,0
47,33,3,54,Auvergne No. 76,103,63,20,3,17,0,0
47,33,3,59,Whiska Creek No. 106,118,69,26,5,16,2,0
47,33,3,64,Glen Bain No. 105,118,77,11,3,24,3,0
47,30,3,68,Gravelbourg No. 104,139,89,27,3,19,1,0
47,30,3,74,Sutton No. 103,102,60,15,1,24,2,0
47,30,3,93,Lake Johnston No. 102,78,48,12,2,14,2,0
47,30,3,96,Terrell No. 101,100,70,23,2,5,0,0
47,0,4,0,Division No.  4,"1,555",862,294,36,302,44,17
47,33,4,3,Val Marie No. 17,125,68,17,4,30,1,5
47,33,4,6,Lone Tree No. 18,74,44,3,2,22,3,0
47,40,4,11,Frontier No. 19,97,44,16,0,33,3,1
47,40,4,19,Reno No. 51,154,85,28,5,27,5,4
47,40,4,24,White Valley No. 49,192,103,24,3,54,8,0
47,33,4,28,Wise Creek No. 77,89,48,12,2,25,0,2
47,33,4,34,Grassy Creek No. 78,86,45,20,2,16,3,0
47,40,4,38,Arlington No. 79,82,48,15,3,14,2,0
47,40,4,45,Maple Creek No. 111,219,114,63,6,27,7,2
47,40,4,50,Piapot No. 110,134,76,34,4,13,5,2
47,40,4,54,Carmichael No. 109,93,50,25,2,13,3,0
47,33,4,58,Bone Creek No. 108,91,51,17,1,19,2,1
47,33,4,61,Lac Pelletier No. 107,119,86,20,2,9,2,0
47,0,5,0,Division No.  5,"2,736","1,905",546,59,205,18,3
47,11,5,1,Moosomin No. 121,111,66,26,8,11,0,0
47,11,5,7,Martin No. 122,107,60,27,4,16,0,0
47,11,5,11,Silverwood No. 123,135,87,21,7,19,0,1
47,11,5,14,Kingsley No. 124,140,97,27,4,11,1,0
47,11,5,18,Chester No. 125,139,91,27,7,12,2,0
47,11,5,27,Wolseley No. 155,141,103,28,3,7,0,0
47,11,5,28,Elcapo No. 154,164,121,33,4,6,0,0
47,11,5,33,Willowdale No. 153,115,87,21,1,5,0,1
47,11,5,37,Rocanville No. 151,146,94,29,6,16,1,0
47,50,5,41,Spy Hill No. 152,103,63,34,1,5,0,0
47,50,5,47,Langenburg No. 181,162,116,33,2,11,0,0
47,50,5,51,Fertile Belt No. 183,199,135,37,3,20,4,0
47,50,5,57,Grayson No. 184,131,97,26,0,6,2,0
47,50,5,63,McLeod No. 185,186,141,33,2,8,2,0
47,50,5,67,Stanley No. 215,160,117,30,4,8,1,0
47,50,5,73,Cana No. 214,222,163,37,0,20,2,0
47,50,5,77,Saltcoats No. 213,183,125,45,2,9,2,0
47,50,5,93,Churchbridge No. 211,192,142,32,1,15,1,1
47,0,6,0,Division No.  6,"3,500","2,329",747,68,325,24,7
47,21,6,1,Montmartre No. 126,188,125,41,4,16,1,1
47,21,6,4,Francis No. 127,218,138,45,4,27,3,1
47,21,6,11,Lajord No. 128,164,97,33,4,28,2,0
47,21,6,13,Bratt's Lake No. 129,125,73,22,1,29,0,0
47,21,6,16,Redburn No. 130,113,59,21,1,31,1,0
47,21,6,21,Pense No. 160,123,70,24,3,24,2,0
47,21,6,26,Sherwood No. 159,168,96,40,5,25,1,1
47,21,6,27,Regina,60,48,7,0,4,1,0
47,21,6,29,Edenwold No. 158,355,245,77,8,23,2,0
47,21,6,34,South Qu'Appelle No. 157,266,174,76,3,13,0,0
47,21,6,38,Indian Head No. 156,111,75,23,3,7,1,2
47,50,6,42,Abernethy No. 186,139,96,31,2,9,1,0
47,50,6,48,North Qu'Appelle No. 187,102,71,20,2,9,0,0
47,60,6,53,Lumsden No. 189,221,126,65,7,22,0,1
47,60,6,59,Dufferin No. 190,138,96,27,1,10,4,0
47,60,6,63,Sarnia No. 221,141,100,32,3,5,1,0
47,60,6,70,Longlaketon No. 219,257,191,50,4,10,1,1
47,60,6,71,McKillop No. 220,134,94,28,5,7,0,0
47,50,6,91,Cupar No. 218,222,171,34,2,14,1,0
47,50,6,96,Lipton No. 217,156,112,34,4,6,0,0
47,50,6,99,Tullymet No. 216,99,72,17,2,6,2,0
47,0,7,0,Division No.  7,"2,478","1,594",475,58,301,36,14
47,21,7,1,Baildon No. 131,158,104,30,8,15,1,0
47,30,7,4,Hillsborough No. 132,39,24,13,0,1,0,1
47,30,7,6,Rodgers No. 133,63,45,10,2,3,2,1
47,30,7,11,Shamrock No. 134,100,59,19,4,15,1,2
47,32,7,14,Lawtonia No. 135,118,80,22,2,13,1,0
47,32,7,18,Coulee No. 136,156,112,23,6,15,0,0
47,32,7,21,Excelsior No. 166,197,118,43,4,25,6,1
47,32,7,24,Morse No. 165,173,115,35,3,19,1,0
47,30,7,29,Chaplin No. 164,75,46,22,1,2,3,1
47,30,7,32,Wheatlands No. 163,85,57,25,0,2,1,0
47,21,7,36,Caron No. 162,103,61,24,1,15,1,1
47,21,7,38,Moose Jaw No. 161,203,119,46,5,30,2,1
47,21,7,42,Marquis No. 191,105,68,13,2,20,2,0
47,30,7,47,Eyebrow No. 193,113,83,18,2,10,0,0
47,30,7,53,Enfield No. 194,127,94,22,1,9,1,0
47,32,7,58,Canaan No. 225,78,39,13,4,20,2,0
47,32,7,63,Victory No. 226,118,69,23,3,21,0,2
47,32,7,66,King George No. 256,85,51,12,3,17,2,0
47,32,7,67,Coteau No. 255,119,78,19,0,18,3,1
47,30,7,71,Maple Bush No. 224,65,37,13,1,12,1,1
47,61,7,76,Huron No. 223,73,38,17,3,10,3,2
47,60,7,91,Craik No. 222,125,97,13,3,9,3,0
47,0,8,0,Division No.  8,"2,707","1,490",481,72,600,45,19
47,32,8,1,Swift Current No. 137,340,224,72,4,35,4,1
47,32,8,6,Webb No. 138,135,74,25,2,27,5,2
47,41,8,9,Gull Lake No. 139,88,47,25,2,14,0,0
47,41,8,16,Big Stick No. 141,73,36,17,5,11,2,2
47,41,8,21,Enterprise No. 142,82,43,13,3,23,0,0
47,41,8,24,Fox Valley No. 171,132,79,25,2,21,5,0
47,41,8,28,Pittville No. 169,109,53,24,2,28,1,1
47,32,8,31,Riverside No. 168,176,92,25,6,44,5,4
47,32,8,38,Saskatchewan Landing No. 167,122,71,22,4,25,0,0
47,32,8,42,Lacadena No. 228,259,137,39,6,74,2,1
47,41,8,46,Miry Creek No. 229,153,85,30,2,34,1,1
47,41,8,53,Clinworth No. 230,114,58,17,4,30,4,1
47,41,8,56,Happyland No. 231,194,126,24,2,39,3,0
47,41,8,61,Deer Forks No. 232,58,30,12,3,12,0,1
47,70,8,65,Chesterfield No. 261,185,97,30,6,47,3,2
47,70,8,71,Newcombe No. 260,105,51,19,6,26,2,1
47,70,8,74,Snipe Lake No. 259,212,102,34,3,68,5,0
47,32,8,92,Monet No. 257,170,85,28,10,42,3,2
47,0,9,0,Division No.  9,"2,656","1,954",476,50,139,26,11
47,50,9,1,Calder No. 241,143,110,25,2,3,3,0
47,50,9,6,Wallace No. 243,201,140,37,9,14,1,0
47,50,9,11,Orkney No. 244,250,191,34,4,16,5,0
47,50,9,19,Garry No. 245,145,112,24,2,6,0,1
47,51,9,23,Insinger No. 275,150,114,22,5,7,1,1
47,51,9,29,Good Lake No. 274,153,115,28,0,8,1,1
47,51,9,33,Sliding Hills No. 273,148,107,26,3,11,1,0
47,51,9,37,Cote No. 271,143,107,19,2,11,3,1
47,51,9,42,St. Philips No. 301,111,89,20,0,0,2,0
47,51,9,46,Keys No. 303,107,74,19,4,9,1,0
47,51,9,49,Buchanan No. 304,159,102,40,4,13,0,0
47,51,9,54,Invermay No. 305,136,99,24,1,8,2,2
47,51,9,60,Hazel Dell No. 335,181,135,31,4,7,3,1
47,51,9,62,Preeceville No. 334,281,201,64,5,8,2,1
47,51,9,67,Clayton No. 333,236,178,43,4,9,0,2
47,51,9,75,Livingston No. 331,112,80,20,1,9,1,1
47,0,10,0,Division No. 10,"2,135","1,464",389,44,206,24,8
47,50,10,3,Ituna Bon Accord No. 246,159,119,24,1,10,4,1
47,50,10,8,Kellross No. 247,165,123,30,2,10,0,0
47,50,10,14,Touchwood No. 248,130,103,23,0,2,0,2
47,60,10,24,Mount Hope No. 279,242,163,50,5,21,2,1
47,51,10,31,Emerald No. 277,164,123,26,0,11,4,0
47,51,10,36,Foam Lake No. 276,241,162,49,3,24,2,1
47,51,10,41,Elfros No. 307,137,102,29,1,3,1,1
47,51,10,46,Big Quill No. 308,175,109,37,5,19,4,1
47,60,10,52,Prairie Rose No. 309,107,61,23,7,13,3,0
47,60,10,56,Leroy No. 339,158,91,21,8,37,1,0
47,51,10,61,Lakeside No. 338,116,67,14,7,27,1,0
47,51,10,66,Lakeview No. 337,136,98,26,1,10,0,1
47,51,10,71,Sasman No. 336,205,143,37,4,19,2,0
47,0,11,0,Division No. 11,"3,273","2,116",664,80,360,39,14
47,60,11,3,Last Mountain Valley No. 250,127,72,40,3,12,0,0
47,60,11,6,Big Arm No. 251,100,67,21,0,12,0,0
47,60,11,11,Arm River No. 252,104,72,22,0,9,1,0
47,61,11,16,Willner No. 253,118,81,23,0,12,1,1
47,61,11,18,Loreburn No. 254,156,95,27,7,26,1,0
47,61,11,26,Rudy No. 284,162,104,29,5,22,1,1
47,61,11,31,Rosedale No. 283,150,109,24,3,11,2,1
47,60,11,34,McCraney No. 282,141,104,25,2,5,4,1
47,60,11,39,Wood Creek No. 281,114,78,12,3,21,0,0
47,60,11,42,Wreford No. 280,80,50,14,5,9,0,2
47,60,11,46,Usborne No. 310,125,68,28,5,21,2,1
47,60,11,52,Morris No. 312,146,98,24,4,18,2,0
47,60,11,59,Lost River No. 313,77,56,12,0,9,0,0
47,61,11,61,Dundurn No. 314,88,57,19,1,10,0,1
47,61,11,65,Corman Park No. 344,918,567,227,25,80,15,4
47,61,11,66,Saskatoon,71,50,5,1,10,4,1
47,60,11,69,Blucher No. 343,179,118,32,3,25,1,0
47,60,11,76,Colonsay No. 342,112,70,30,1,11,0,0
47,60,11,91,Viscount No. 341,157,108,21,5,20,3,0
47,60,11,96,Wolverine No. 340,148,92,29,7,17,2,1
47,0,12,0,Division No. 12,"2,100","1,266",412,38,340,39,5
47,70,12,1,Pleasant Valley No. 288,110,71,19,2,16,2,0
47,70,12,4,St. Andrews No. 287,154,88,29,3,31,3,0
47,61,12,11,Milden No. 286,101,49,23,1,28,0,0
47,61,12,20,Fertile Valley No. 285,170,109,27,2,29,3,0
47,61,12,26,Montrose No. 315,141,85,37,5,11,2,1
47,61,12,29,Harris No. 316,86,50,15,2,17,1,1
47,70,12,34,Marriott No. 317,114,60,31,2,19,2,0
47,70,12,38,Mountain View No. 318,106,51,20,2,30,3,0
47,71,12,42,Biggar No. 347,239,149,35,6,39,10,0
47,61,12,50,Perdue No. 346,113,72,23,0,15,2,1
47,61,12,54,Vanscoy No. 345,246,143,58,5,36,4,0
47,61,12,64,Eagle Creek No. 376,125,73,26,6,17,3,0
47,71,12,69,Glenside No. 377,96,73,11,0,11,0,1
47,71,12,72,Rosemount No. 378,58,34,8,0,15,1,0
47,91,12,78,Battle River No. 438,241,159,50,2,26,3,1
47,0,13,0,Division No. 13,"2,407","1,454",354,40,498,44,17
47,70,13,6,Kindersley No. 290,295,173,43,6,64,6,3
47,70,13,11,Milton No. 292,71,45,7,1,16,2,0
47,70,13,16,Antelope Park No. 322,55,32,12,1,8,1,1
47,70,13,19,Prairiedale No. 321,63,39,6,0,17,1,0
47,70,13,24,Oakdale No. 320,108,62,19,3,23,0,1
47,70,13,28,Winslow No. 319,126,69,23,1,32,1,0
47,71,13,32,Grandview No. 349,111,60,27,0,20,3,1
47,71,13,38,Mariposa No. 350,92,62,8,1,17,3,1
47,71,13,41,Progress No. 351,121,86,11,3,19,0,2
47,71,13,46,Heart's Hill No. 352,97,56,15,1,24,0,1
47,71,13,49,Eye Hill No. 382,154,100,24,3,25,2,0
47,71,13,56,Grass Lake No. 381,151,99,19,0,32,1,0
47,71,13,59,Tramping Lake No. 380,91,59,11,2,15,2,2
47,71,13,64,Reford No. 379,116,73,23,4,15,1,0
47,71,13,68,Buffalo No. 409,204,127,28,5,42,2,0
47,71,13,72,Round Valley No. 410,121,79,12,1,26,3,0
47,71,13,76,Senlac No. 411,89,48,12,2,17,8,2
47,91,13,79,Manitou Lake No. 442,135,68,20,4,35,7,1
47,91,13,92,Hillsdale No. 440,111,60,19,1,28,1,2
47,91,13,96,Cut Knife No. 439,96,57,15,1,23,0,0
47,0,14,0,Division No. 14,"3,348","2,243",642,81,341,26,15
47,80,14,1,Hudson Bay No. 394,218,161,43,2,6,5,1
47,80,14,6,Porcupine No. 395,250,159,52,5,30,3,1
47,51,14,21,Kelvington No. 366,151,117,19,2,10,2,1
47,51,14,23,Ponass Lake No. 367,186,124,49,3,8,2,0
47,51,14,26,Spalding No. 368,144,78,30,3,31,2,0
47,80,14,34,Barrier Valley No. 397,144,103,31,1,7,1,1
47,80,14,35,Pleasantdale No. 398,162,117,26,2,16,0,1
47,80,14,38,Bjorkdale No. 426,230,147,60,2,15,3,3
47,80,14,43,Tisdale No. 427,172,106,34,5,26,1,0
47,80,14,47,Star City No. 428,222,148,29,8,33,3,1
47,80,14,53,Willow Creek No. 458,162,99,31,5,27,0,0
47,80,14,56,Connaught No. 457,161,93,27,7,33,1,0
47,80,14,59,Arborfield No. 456,154,112,22,5,14,1,0
47,80,14,67,Moose Range No. 486,301,183,60,16,38,1,3
47,80,14,72,Nipawin No. 487,268,188,48,7,24,1,0
47,90,14,77,Torch River No. 488,423,308,81,8,23,0,3
47,0,15,0,Division No. 15,"3,875","2,627",691,116,394,38,9
47,81,15,1,St. Peter No. 369,216,126,43,12,32,3,0
47,81,15,7,Humboldt No. 370,204,136,35,4,25,4,0
47,81,15,11,Bayne No. 371,180,139,21,3,17,0,0
47,81,15,14,Grant No. 372,150,115,21,1,12,1,0
47,81,15,18,Aberdeen No. 373,149,105,20,6,17,0,1
47,61,15,26,Laird No. 404,201,134,36,5,23,3,0
47,61,15,31,Rosthern No. 403,288,182,60,16,27,2,1
47,81,15,36,Fish Creek No. 402,123,90,21,4,6,2,0
47,81,15,39,Hoodoo No. 401,184,143,25,3,12,1,0
47,81,15,44,Three Lakes No. 400,175,124,30,7,13,1,0
47,81,15,48,Lake Lenore No. 399,112,70,15,5,21,0,1
47,81,15,51,Flett's Springs No. 429,175,86,33,8,46,2,0
47,81,15,54,Invergordon No. 430,185,127,32,8,14,2,2
47,81,15,57,St. Louis No. 431,194,131,43,3,17,0,0
47,90,15,61,Duck Lake No. 463,148,100,28,8,10,1,1
47,90,15,64,Prince Albert No. 461,352,255,64,3,25,3,2
47,81,15,67,Birch Hills No. 460,141,87,33,4,17,0,0
47,81,15,71,Kinistino No. 459,186,129,28,4,24,1,0
47,90,15,79,Garden River No. 490,133,100,21,2,8,2,0
47,90,15,94,Buckland No. 491,238,157,53,8,15,5,0
47,90,15,99,Paddockwood No. 520,141,91,29,2,13,5,1
47,0,16,0,Division No. 16,"2,518","1,744",490,51,190,28,15
47,90,16,5,Mayfield No. 406,129,77,26,2,23,0,1
47,90,16,8,Great Bend No. 405,139,99,27,3,9,1,0
47,90,16,13,Blaine Lake No. 434,111,76,24,3,7,0,1
47,90,16,18,Redberry No. 435,167,128,30,3,4,1,1
47,90,16,23,Douglas No. 436,140,97,27,2,12,2,0
47,90,16,28,North Battleford No. 437,196,148,25,2,19,2,0
47,90,16,33,Round Hill No. 467,118,94,14,2,6,1,1
47,90,16,38,Meeting Lake No. 466,124,89,24,4,5,1,1
47,90,16,41,Leask No. 464,183,115,39,4,21,3,1
47,90,16,46,Shellbrook No. 493,223,134,50,10,26,2,1
47,90,16,51,Canwood No. 494,364,258,72,7,19,7,1
47,90,16,56,Spiritwood No. 496,337,232,72,3,22,6,2
47,90,16,62,Medstead No. 497,155,108,35,1,9,1,1
47,90,16,75,Big River No. 555,132,89,25,5,8,1,4
47,0,17,0,Division No. 17,"2,259","1,435",456,42,287,30,9
47,91,17,1,Meota No. 468,130,80,26,4,20,0,0
47,91,17,8,Turtle River No. 469,106,72,19,1,11,3,0
47,91,17,13,Paynton No. 470,61,32,9,3,15,1,1
47,91,17,17,Eldon No. 471,163,91,35,3,32,1,1
47,91,17,22,Wilton No. 472,204,121,36,5,38,4,0
47,91,17,28,Britannia No. 502,213,139,39,3,31,1,0
47,91,17,32,Frenchman Butte No. 501,236,148,52,2,31,3,0
47,91,17,45,Mervin No. 499,228,147,51,1,26,2,1
47,91,17,47,Parkdale No. 498,147,101,26,3,14,1,2
47,91,17,54,Meadow Lake No. 588,420,266,99,12,36,5,2
47,91,17,56,Loon Lake No. 561,177,121,33,2,16,4,1
47,91,17,62,Beaver River No. 622,174,117,31,3,17,5,1
48,0,0,0,Alberta,"49,431","27,815","12,462","1,458","6,714",697,285
48,10,0,0,Agricultural Region 1 - rÇgion agricole 1,"2,838","1,526",530,106,592,47,37
48,20,0,0,Agricultural Region 2 - rÇgion agricole 2,"5,867","2,881","1,234",211,"1,338",140,63
48,30,0,0,Agricultural Region 3 - rÇgion agricole 3,"6,846","3,713","1,698",220,"1,037",119,59
48,40,0,0,Agricultural Region 4A - rÇgion agricole 4A,"3,019","1,735",697,87,461,27,12
48,41,0,0,Agricultural Region 4B - rÇgion agricole 4B,"5,217","3,142","1,263",112,624,63,13
48,50,0,0,Agricultural Region 5 - rÇgion agricole 5,"11,472","6,407","3,218",387,"1,281",141,38
48,60,0,0,Agricultural Region 6 - rÇgion agricole 6,"7,791","4,568","2,222",181,703,90,27
48,70,0,0,Agricultural Region 7 - rÇgion agricole 7,"6,381","3,843","1,600",154,678,70,36
48,10,1,0,Division No.  1,"1,536",798,254,73,355,31,25
48,10,1,3,Cypress County,934,517,184,35,165,19,14
48,10,1,8,Forty Mile County No. 8,602,281,70,38,190,12,11
48,20,2,0,Division No.  2,"3,164","1,544",657,107,742,77,37
48,20,2,1,Warner County No. 5,532,301,78,10,124,13,6
48,20,2,11,Lethbridge County,"1,058",474,238,39,279,24,4
48,20,2,21,Taber,768,397,132,24,186,20,9
48,20,2,31,Newell County No. 4,806,372,209,34,153,20,18
48,30,3,0,Division No.  3,"1,811",953,407,70,321,33,27
48,30,3,1,Cardston County,547,318,112,20,77,8,12
48,30,3,11,Pincher Creek No. 9,456,236,116,22,66,8,8
48,30,3,18,Willow Creek No. 26,808,399,179,28,178,17,7
48,10,4,0,Division No.  4,"1,302",728,276,33,237,16,12
48,10,4,4,Special Area No. 2,514,273,123,13,90,7,8
48,10,4,12,Special Area No. 3,510,303,97,14,86,7,3
48,10,4,20,Special Area No. 4,278,152,56,6,61,2,1
48,20,5,0,Division No.  5,"2,703","1,337",577,104,596,63,26
48,20,5,1,Vulcan County,653,319,106,20,179,17,12
48,20,5,12,Wheatland County,873,420,181,33,207,26,6
48,20,5,31,Starland County,364,186,98,15,56,3,6
48,20,5,41,Kneehill County,813,412,192,36,154,17,2
48,30,6,0,Division No.  6,"4,905","2,708","1,271",149,685,81,11
48,30,6,1,Foothills No. 31,"1,405",788,325,33,226,29,4
48,30,6,14,Rocky View No. 44,"1,551",856,397,45,226,24,3
48,30,6,16,Calgary,112,76,12,1,16,6,1
48,30,6,28,Mountain View County,"1,837",988,537,70,217,22,3
48,40,7,0,Division No.  7,"3,019","1,735",697,87,461,27,12
48,40,7,1,Provost No. 52,451,274,83,12,78,2,2
48,40,7,11,Paintearth County No. 18,434,268,87,11,62,5,1
48,40,7,19,Stettler County No. 6,793,443,236,26,74,10,4
48,40,7,31,Flagstaff County,790,454,168,21,144,2,1
48,40,7,49,Wainwright No. 61,551,296,123,17,103,8,4
48,50,8,0,Division No.  8,"4,203","2,239","1,165",197,546,44,12
48,50,8,1,Red Deer County,"1,751",936,495,73,226,15,6
48,50,8,22,Lacombe County,"1,219",632,322,53,193,14,5
48,50,8,38,Ponoka County,"1,233",671,348,71,127,15,1
48,50,9,0,Division No.  9,"1,209",661,397,28,100,9,14
48,50,9,2,Clearwater County,"1,209",661,397,28,100,9,14
48,41,10,0,Division No. 10,"5,217","3,142","1,263",112,624,63,13
48,41,10,1,Camrose County No. 22,"1,149",628,332,41,131,15,2
48,41,10,16,Beaver County,795,472,219,16,75,9,4
48,41,10,26,Minburn County No. 27,685,437,146,13,83,5,1
48,41,10,36,Vermilion River County No. 24,"1,137",630,249,20,225,12,1
48,41,10,48,Two Hills County No. 21,600,396,133,8,49,11,3
48,41,10,58,Lamont County,851,579,184,14,61,11,2
48,50,11,0,Division No. 11,"6,060","3,507","1,656",162,635,88,12
48,50,11,1,Wetaskiwin County No. 10,"1,207",694,350,40,104,16,3
48,50,11,12,Leduc County,"1,438",838,398,33,152,16,1
48,50,11,32,Brazeau County,527,273,178,17,50,8,1
48,50,11,34,Parkland County,979,574,276,24,84,19,2
48,50,11,52,Strathcona County,772,467,183,20,88,13,1
48,50,11,59,Sturgeon County,967,563,232,23,133,15,1
48,50,11,61,Edmonton,170,98,39,5,24,1,3
48,60,12,0,Division No. 12,"2,530","1,580",670,58,182,23,17
48,60,12,4,Bonnyville No. 87,853,534,244,11,52,6,6
48,60,12,5,Lakeland County,349,209,94,11,28,5,2
48,60,12,14,St. Paul County No. 19,833,533,190,25,73,7,5
48,60,12,22,Smoky Lake County,495,304,142,11,29,5,4
48,60,13,0,Division No. 13,"4,476","2,532","1,331",107,440,61,5
48,60,13,1,Lac Ste. Anne County,"1,070",605,341,30,74,20,0
48,60,13,18,Barrhead County No. 11,828,439,240,14,127,7,1
48,60,13,28,Westlock County,892,449,281,28,121,11,2
48,60,13,29,Woodlands County,290,163,90,6,26,5,0
48,60,13,36,Thorhild County No. 7,490,329,107,9,38,6,1
48,60,13,44,Athabasca County No. 12,906,547,272,20,54,12,1
48,60,14,0,Division No. 14,785,456,221,16,81,6,5
48,60,14,3,Yellowhead County,785,456,221,16,81,6,5
48,30,15,0,Division No. 15,130,52,20,1,31,5,21
48,30,15,7,Crowsnest Pass,27,17,4,0,4,2,0
48,30,15,15,Bighorn No. 8,51,24,13,1,11,1,1
48,30,15,45,Ranchland No. 66,52,11,3,0,16,2,20
48,70,17,0,Division No. 17,"2,513","1,637",563,42,229,32,10
48,70,17,26,Northern Sunrise County,217,125,51,5,31,3,2
48,70,17,27,Big Lakes,436,279,98,7,43,7,2
48,70,17,33,Lesser Slave River No.124,177,90,68,4,12,3,0
48,70,17,62,Clear Hills No. 21,495,335,102,8,43,4,3
48,70,17,76,Northern Lights No. 22,541,346,130,9,48,6,2
48,70,17,95,Mackenzie No. 23,647,462,114,9,52,9,1
48,70,18,0,Division No. 18,721,408,228,21,53,6,5
48,70,18,15,Greenview No. 16,721,408,228,21,53,6,5
48,70,19,0,Division No. 19,"3,147","1,798",809,91,396,32,21
48,70,19,6,Grande Prairie County No. 1,"1,371",802,382,34,133,14,6
48,70,19,41,Smoky River No. 130,391,207,80,18,78,4,4
48,70,19,49,Birch Hills County,268,149,55,9,44,5,6
48,70,19,54,Spirit River No. 133,158,99,38,1,20,0,0
48,70,19,59,Saddle Hills County,498,279,135,12,62,8,2
48,70,19,66,Fairview No. 136,260,146,66,8,37,1,2
48,70,19,71,Peace No. 135,201,116,53,9,22,0,1
59,0,0,0,British Columbia / Colombie-Britannique,"19,844","10,769","5,325",636,"2,720",348,46
59,1,0,0,Vancouver Island-Coast,"2,855","1,703",762,65,274,47,4
59,2,0,0,Lower Mainland-Southwest,"5,410","2,629","1,172",209,"1,241",154,5
59,3,0,0,Thompson-Okanagan,"5,700","3,166","1,598",200,639,82,15
59,4,0,0,Kootenay,"1,349",776,389,40,130,12,2
59,5,0,0,Cariboo,"1,781",944,575,52,181,21,8
59,6,0,0,North Coast,134,83,37,1,12,1,0
59,7,0,0,Nechako,886,464,301,20,88,10,3
59,8,0,0,Peace River,"1,729","1,004",491,49,155,21,9
59,4,1,0,East Kootenay,395,220,114,15,43,2,1
59,4,1,17,East Kootenay A,75,50,20,1,3,1,0
59,4,1,19,East Kootenay B,54,22,21,3,8,0,0
59,4,1,35,East Kootenay C,132,76,40,3,13,0,0
59,4,1,37,East Kootenay E,51,26,13,5,6,1,0
59,4,1,46,East Kootenay F,38,17,9,1,10,0,1
59,4,1,48,East Kootenay G,45,29,11,2,3,0,0
59,4,3,0,Central Kootenay,562,333,155,13,54,7,0
59,4,3,10,Central Kootenay A,22,16,3,1,2,0,0
59,4,3,13,Central Kootenay B,215,120,59,5,28,3,0
59,4,3,17,Central Kootenay C,64,25,25,3,10,1,0
59,4,3,39,Central Kootenay D,22,9,10,1,2,0,0
59,4,3,41,Central Kootenay E,43,29,11,0,2,1,0
59,4,3,47,Central Kootenay G,32,23,8,0,0,1,0
59,4,3,52,Central Kootenay H,57,40,13,1,3,0,0
59,4,3,58,Central Kootenay J,44,33,8,0,3,0,0
59,4,3,60,Central Kootenay K,63,38,18,2,4,1,0
59,4,5,0,Kootenay Boundary,392,223,120,12,33,3,1
59,4,5,30,Kootenay Boundary B,60,35,17,2,5,0,1
59,4,5,52,Kootenay Boundary D,169,104,48,4,12,1,0
59,4,5,54,Kootenay Boundary E,163,84,55,6,16,2,0
59,3,7,0,Okanagan-Similkameen,"1,621",881,472,71,162,29,6
59,3,7,22,Okanagan-Similkameen A,184,86,63,15,17,3,0
59,3,7,26,Okanagan-Similkameen B,155,84,41,5,18,5,2
59,3,7,28,Okanagan-Similkameen C,394,218,101,23,43,8,1
59,3,7,47,Okanagan-Similkameen D,257,143,75,10,24,4,1
59,3,7,49,Okanagan-Similkameen E,104,54,36,3,8,3,0
59,3,7,51,Okanagan-Similkameen F,303,176,76,9,37,4,1
59,3,7,53,Okanagan-Similkameen G,142,68,57,4,12,0,1
59,3,7,55,Okanagan-Similkameen H,82,52,23,2,3,2,0
59,2,9,0,Fraser Valley,"2,567","1,096",547,137,717,67,3
59,2,9,16,Fraser Valley B,48,25,14,1,5,3,0
59,2,9,34,Fraser Valley D,139,57,40,10,27,3,2
59,2,9,36,Fraser Valley E,885,398,202,58,208,19,0
59,2,9,52,Abbotsford,"1,197",457,216,60,424,40,0
59,2,9,60,Fraser Valley F,183,116,42,3,20,1,1
59,2,9,62,Fraser Valley G,115,43,33,5,33,1,0
59,2,15,0,Greater Vancouver,"2,618","1,409",553,66,507,81,2
59,2,15,1,Langley,"1,292",741,301,25,190,33,2
59,2,15,4,Surrey,487,242,96,18,112,19,0
59,2,15,11,Delta,180,80,22,5,64,9,0
59,2,15,15,Richmond,172,86,19,3,60,4,0
59,2,15,20,Greater Vancouver A,82,48,17,3,11,3,0
59,2,15,25,Burnaby,54,28,6,4,12,4,0
59,2,15,70,Pitt Meadows,138,56,34,8,38,2,0
59,2,15,75,Maple Ridge,213,128,58,0,20,7,0
59,1,17,0,Capital,991,633,246,17,74,20,1
59,1,17,5,North Saanich,78,43,24,0,5,5,1
59,1,17,15,Central Saanich,181,114,42,7,16,2,0
59,1,17,21,Saanich,251,177,44,5,21,4,0
59,1,17,27,Capital F,167,107,48,1,9,2,0
59,1,17,29,Capital G,89,46,27,3,9,4,0
59,1,17,56,Capital H (Part 2),225,146,61,1,14,3,0
59,1,19,0,Cowichan Valley,700,382,196,25,85,10,2
59,1,19,8,North Cowichan,389,216,103,18,47,4,1
59,1,19,15,Cowichan Valley G,88,45,29,2,10,2,0
59,1,19,33,Cowichan Valley F,26,16,8,0,2,0,0
59,1,19,46,Cowichan Valley B,197,105,56,5,26,4,1
59,1,21,0,Nanaimo,461,279,119,9,46,7,1
59,1,21,7,Nanaimo,210,124,57,6,19,3,1
59,1,21,16,Nanaimo C,64,36,20,0,8,0,0
59,1,21,30,Nanaimo E,30,19,5,2,3,1,0
59,1,21,32,Nanaimo F,95,62,24,0,8,1,0
59,1,21,34,Nanaimo G,40,22,11,1,5,1,0
59,1,21,36,Nanaimo H,22,16,2,0,3,1,0
59,1,23,0,Alberni-Clayoquot,89,58,17,3,11,0,0
59,1,23,33,Alberni-Clayoquot B,49,30,9,2,8,0,0
59,1,23,35,Alberni-Clayoquot D,20,13,4,1,2,0,0
59,1,23,39,Alberni-Clayoquot F,20,15,4,0,1,0,0
59,1,25,0,Comox-Strathcona,497,277,150,9,54,7,0
59,1,25,18,Comox-Strathcona A,34,11,17,1,4,1,0
59,1,25,19,Comox-Strathcona K,53,33,16,1,3,0,0
59,1,25,22,Comox-Strathcona B,103,50,32,2,15,4,0
59,1,25,24,Comox-Strathcona C,185,108,52,2,22,1,0
59,1,25,42,Comox-Strathcona D,41,23,8,2,8,0,0
59,1,25,46,Comox-Strathcona H,28,19,8,1,0,0,0
59,1,25,54,Comox-Strathcona J,53,33,17,0,2,1,0
59,1,27,0,Powell River,85,56,23,1,3,2,0
59,1,27,10,Powell River A,38,26,9,0,2,1,0
59,1,27,16,Powell River C,25,17,6,1,0,1,0
59,1,27,20,Powell River E,22,13,8,0,1,0,0
59,2,29,0,Sunshine Coast,96,54,32,3,4,3,0
59,2,29,18,Sunshine Coast A,96,54,32,3,4,3,0
59,2,31,0,Squamish-Lillooet,129,70,40,3,13,3,0
59,2,31,17,Squamish-Lillooet C,86,48,27,1,8,2,0
59,2,31,34,Squamish-Lillooet B,43,22,13,2,5,1,0
59,3,33,0,Thompson-Nicola,"1,211",632,367,35,151,19,7
59,3,33,8,Thompson-Nicola M,64,32,16,4,10,0,2
59,3,33,12,Thompson-Nicola N,88,50,22,1,12,1,2
59,3,33,32,Thompson-Nicola E (Bonaparte Plateau),94,49,25,5,15,0,0
59,3,33,37,Thompson-Nicola I (Blue Sky Country),129,65,33,7,16,6,2
59,3,33,39,Thompson-Nicola J (Copper Desert Country),58,29,20,0,9,0,0
59,3,33,44,Thompson-Nicola P (Rivers and the Peaks),273,151,71,7,37,6,1
59,3,33,60,Thompson-Nicola L,336,168,117,10,37,4,0
59,3,33,68,Thompson-Nicola A (Wells Gray Country),56,28,18,1,7,2,0
59,3,33,72,Thompson-Nicola O (Lower North Thompson),113,60,45,0,8,0,0
59,3,35,0,Central Okanagan,"1,017",580,249,36,135,17,0
59,3,35,12,Central Okanagan,876,499,217,33,114,13,0
59,3,35,20,Central Okanagan J,141,81,32,3,21,4,0
59,3,37,0,North Okanagan,"1,227",699,339,39,139,9,2
59,3,37,17,North Okanagan B,360,230,95,7,26,1,1
59,3,37,22,North Okanagan D,152,81,48,6,17,0,0
59,3,37,23,North Okanagan E,49,35,9,3,2,0,0
59,3,37,24,Spallumcheen,450,239,127,17,59,7,1
59,3,37,41,North Okanagan F,216,114,60,6,35,1,0
59,3,39,0,Columbia-Shuswap,624,374,171,19,52,8,0
59,3,39,11,Columbia-Shuswap A,54,27,19,3,4,1,0
59,3,39,23,Columbia-Shuswap B,20,13,5,1,1,0,0
59,3,39,37,Columbia-Shuswap C,104,59,26,2,15,2,0
59,3,39,39,Columbia-Shuswap D,365,225,96,12,27,5,0
59,3,39,43,Columbia-Shuswap E,45,27,15,0,3,0,0
59,3,39,44,Columbia-Shuswap F,36,23,10,1,2,0,0
59,5,41,0,Cariboo,"1,160",615,366,39,124,12,4
59,5,41,10,Cariboo D,66,35,21,3,6,1,0
59,5,41,12,Cariboo E,57,34,15,2,5,0,1
59,5,41,14,Cariboo F,214,103,81,6,23,1,0
59,5,41,15,Cariboo G,76,36,28,3,9,0,0
59,5,41,16,Cariboo H,72,43,16,3,9,1,0
59,5,41,17,Cariboo L,111,61,33,5,11,1,0
59,5,41,19,Cariboo A,145,86,41,4,12,1,1
59,5,41,21,Cariboo B,143,76,48,5,14,0,0
59,5,41,26,Cariboo C,28,13,7,0,6,1,1
59,5,41,27,Cariboo I,115,74,28,4,8,0,1
59,5,41,39,Cariboo J,60,29,24,1,5,1,0
59,5,41,41,Cariboo K,73,25,24,3,16,5,0
59,1,45,0,Central Coast,32,18,11,1,1,1,0
59,1,45,10,Central Coast C,32,18,11,1,1,1,0
59,6,49,0,Kitimat-Stikine,134,83,37,1,12,1,0
59,6,49,13,Kitimat-Stikine C (Part 1),70,46,16,1,6,1,0
59,6,49,28,Kitimat-Stikine B,64,37,21,0,6,0,0
59,7,51,0,Bulkley-Nechako,886,464,301,20,88,10,3
59,7,51,15,Bulkley-Nechako C,37,22,10,0,4,1,0
59,7,51,17,Bulkley-Nechako D,89,46,33,3,5,1,1
59,7,51,19,Bulkley-Nechako F,311,153,115,10,28,3,2
59,7,51,28,Bulkley-Nechako B,48,26,18,0,3,1,0
59,7,51,31,Bulkley-Nechako E,112,59,36,1,16,0,0
59,7,51,51,Bulkley-Nechako A,218,119,66,5,24,4,0
59,7,51,53,Bulkley-Nechako G,71,39,23,1,8,0,0
59,5,53,0,Fraser-Fort George,621,329,209,13,57,9,4
59,5,53,19,Fraser-Fort George H,141,67,61,2,9,1,1
59,5,53,38,Fraser-Fort George A,122,65,41,4,9,3,0
59,5,53,42,Fraser-Fort George C,140,76,40,4,18,2,0
59,5,53,44,Fraser-Fort George D,135,70,45,2,15,2,1
59,5,53,46,Fraser-Fort George E,37,22,9,1,4,0,1
59,5,53,48,Fraser-Fort George F,46,29,13,0,2,1,1
59,8,55,0,Peace River,"1,699",990,478,47,154,21,9
59,8,55,21,Peace River D,585,342,182,10,41,7,3
59,8,55,23,Peace River E,295,184,82,9,16,1,3
59,8,55,40,Peace River B,634,359,164,26,71,11,3
59,8,55,42,Peace River C,185,105,50,2,26,2,0
59,8,59,0,Northern Rockies,30,14,13,2,1,0,0
59,8,59,11,Northern Rockies A,30,14,13,2,1,0,0
